Time-date,time,T_cmb0,deltaT0,r_i,X_Mg_0,X_Si_0,X_O_0,fraction_MgFe_b,X_MgFeO_b,X_SiO2_b,nu_present,layer_thickness,overturn
2018-02-18,15:19:25.929249,5000,2800,3480000,1E-05,1E-05,0.16,0.8,0.05,0.01,2000000000000000,100,800
2018-02-18,15:20:05.490505,5250,2800,3480000,1E-05,1E-05,0.16,0.8,0.05,0.01,2000000000000000,100,800
2018-02-18,15:21:04.035910,5500,2800,3480000,1E-05,1E-05,0.16,0.8,0.05,0.01,2000000000000000,100,800
2018-02-18,15:22:07.781447,5750,2800,3462209.0790935,1E-05,1E-05,0.16,0.8,0.05,0.01,2000000000000000,100,800
2018-02-18,15:23:15.647090,6000,2800,3355851.00367566,1E-05,1E-05,0.16,0.8,0.05,0.01,2000000000000000,100,800
2018-02-18,15:24:43.165990,5000,2800,3480000,1E-05,0.01,0.16,0.8,0.05,0.01,2000000000000000,100,800
2018-02-18,15:25:54.386476,5250,2800,3480000,1E-05,0.01,0.16,0.8,0.05,0.01,2000000000000000,100,800
2018-02-18,15:26:33.786152,5500,2800,3476650.65258541,1E-05,0.01,0.16,0.8,0.05,0.01,2000000000000000,100,800
2018-02-18,15:27:12.769039,5750,2800,3392417.76053914,1E-05,0.01,0.16,0.8,0.05,0.01,2000000000000000,100,800
2018-02-18,15:27:50.709017,6000,2800,3296850.17439681,1E-05,0.01,0.16,0.8,0.05,0.01,2000000000000000,100,800
2018-02-18,15:28:40.012055,5000,2800,3480000,1E-05,0.025,0.16,0.8,0.05,0.01,2000000000000000,100,800
2018-02-18,15:29:26.723571,5250,2800,3480000,1E-05,0.025,0.16,0.8,0.05,0.01,2000000000000000,100,800
2018-02-18,15:30:08.757806,5500,2800,3454323.17062101,1E-05,0.025,0.16,0.8,0.05,0.01,2000000000000000,100,800
2018-02-18,15:31:19.859508,5750,2800,3367353.05919957,1E-05,0.025,0.16,0.8,0.05,0.01,2000000000000000,100,800
2018-02-18,15:32:42.955957,6000,2800,3273683.10215277,1E-05,0.025,0.16,0.8,0.05,0.01,2000000000000000,100,800
2018-02-18,15:34:18.598032,5000,2800,3480000,1E-05,0.05,0.16,0.8,0.05,0.01,2000000000000000,100,800
2018-02-18,15:36:13.599733,5250,2800,3480000,1E-05,0.05,0.16,0.8,0.05,0.01,2000000000000000,100,800
2018-02-18,15:37:41.213762,5500,2800,3415018.94992895,1E-05,0.05,0.16,0.8,0.05,0.01,2000000000000000,100,800
2018-02-18,15:39:10.686259,5750,2800,3318770.85981788,1E-05,0.05,0.16,0.8,0.05,0.01,2000000000000000,100,800
2018-02-18,15:40:32.345905,6000,2800,3223213.3140706,1E-05,0.05,0.16,0.8,0.05,0.01,2000000000000000,100,800
2018-02-18,15:41:20.341552,5000,2800,3318770.85981788,0.01,1E-05,0.16,0.8,0.05,0.01,2000000000000000,100,800
2018-02-18,15:42:34.490990,5250,2800,3480000,0.01,1E-05,0.16,0.8,0.05,0.01,2000000000000000,100,800
2018-02-18,15:43:22.379381,5500,2800,3480000,0.01,1E-05,0.16,0.8,0.05,0.01,2000000000000000,100,800
2018-02-18,15:43:59.508404,5750,2800,3363397.98006058,0.01,1E-05,0.16,0.8,0.05,0.01,2000000000000000,100,800
2018-02-18,15:44:34.967977,6000,2800,3239626.87681611,0.01,1E-05,0.16,0.8,0.05,0.01,2000000000000000,100,800
2018-02-18,15:45:23.190130,5000,2800,3479533.35833784,0.01,0.01,0.16,0.8,0.05,0.01,2000000000000000,100,800
2018-02-18,15:46:15.153560,5250,2800,3452948.30218741,0.01,0.01,0.16,0.8,0.05,0.01,2000000000000000,100,800
2018-02-18,15:47:10.325161,5500,2800,3480000,0.01,0.01,0.16,0.8,0.05,0.01,2000000000000000,100,800
2018-02-18,15:47:59.326208,5750,2800,3480000,0.01,0.01,0.16,0.8,0.05,0.01,2000000000000000,100,800
2018-02-18,15:48:46.199573,6000,2800,3476481.67961835,0.01,0.01,0.16,0.8,0.05,0.01,2000000000000000,100,800
2018-02-18,15:49:45.569166,5000,2800,3480000,0.01,0.025,0.16,0.8,0.05,0.01,2000000000000000,100,800
2018-02-18,15:50:35.145233,5250,2800,3429190.43243155,0.01,0.025,0.16,0.8,0.05,0.01,2000000000000000,100,800
2018-02-18,15:51:21.405303,5500,2800,3473739.61270647,0.01,0.025,0.16,0.8,0.05,0.01,2000000000000000,100,800
2018-02-18,15:52:17.232481,5750,2800,3480000,0.01,0.025,0.16,0.8,0.05,0.01,2000000000000000,100,800
2018-02-18,15:53:06.884234,6000,2800,3480000,0.01,0.025,0.16,0.8,0.05,0.01,2000000000000000,100,800
2018-02-18,15:54:05.495039,5000,2800,3480000,0.01,0.05,0.16,0.8,0.05,0.01,2000000000000000,100,800
2018-02-18,15:54:51.324571,5250,2800,3386988.07957543,0.01,0.05,0.16,0.8,0.05,0.01,2000000000000000,100,800
2018-02-18,15:55:36.630153,5500,2800,3400274.98917023,0.01,0.05,0.16,0.8,0.05,0.01,2000000000000000,100,800
2018-02-18,15:56:21.824364,5750,2800,3446163.73486175,0.01,0.05,0.16,0.8,0.05,0.01,2000000000000000,100,800
2018-02-18,15:57:04.280007,6000,2800,3475599.33373996,0.01,0.05,0.16,0.8,0.05,0.01,2000000000000000,100,800
2018-02-18,15:57:42.350465,5000,2800,3480000,0.025,1E-05,0.16,0.8,0.05,0.01,2000000000000000,100,800
2018-02-18,15:58:19.196251,5250,2800,3401943.95920201,0.025,1E-05,0.16,0.8,0.05,0.01,2000000000000000,100,800
2018-02-18,15:58:52.631084,5500,2800,3233791.73069022,0.025,1E-05,0.16,0.8,0.05,0.01,2000000000000000,100,800
2018-02-18,15:59:46.041787,5750,2800,3376703.41516605,0.025,1E-05,0.16,0.8,0.05,0.01,2000000000000000,100,800
2018-02-18,16:00:21.052045,6000,2800,3213266.03942096,0.025,1E-05,0.16,0.8,0.05,0.01,2000000000000000,100,800
2018-02-18,16:01:25.100200,5000,2800,3480000,0.025,0.01,0.16,0.8,0.05,0.01,2000000000000000,100,800
2018-02-18,16:02:19.370618,5250,2800,3342404.60531621,0.025,0.01,0.16,0.8,0.05,0.01,2000000000000000,100,800
2018-02-18,16:03:03.518948,5500,2800,3134078.89298634,0.025,0.01,0.16,0.8,0.05,0.01,2000000000000000,100,800
2018-02-18,16:03:48.285414,5750,2800,3392262.569106,0.025,0.01,0.16,0.8,0.05,0.01,2000000000000000,100,800
2018-02-18,16:04:28.648342,6000,2800,3418625.8564933,0.025,0.01,0.16,0.8,0.05,0.01,2000000000000000,100,800
2018-02-18,16:05:32.386918,5000,2800,3480000,0.025,0.025,0.16,0.8,0.05,0.01,2000000000000000,100,800
2018-02-18,16:06:26.218105,5250,2800,3281128.77089337,0.025,0.025,0.16,0.8,0.05,0.01,2000000000000000,100,800
2018-02-18,16:07:12.390084,5500,2800,3065126.82374725,0.025,0.025,0.16,0.8,0.05,0.01,2000000000000000,100,800
2018-02-18,16:07:57.732297,5750,2800,3373627.41414578,0.025,0.025,0.16,0.8,0.05,0.01,2000000000000000,100,800
2018-02-18,16:08:38.366285,6000,2800,3449097.11702265,0.025,0.025,0.16,0.8,0.05,0.01,2000000000000000,100,800
2018-02-18,16:09:41.249245,5000,2800,3480000,0.025,0.05,0.16,0.8,0.05,0.01,2000000000000000,100,800
2018-02-18,16:10:29.860102,5250,2800,3246290.90976864,0.025,0.05,0.16,0.8,0.05,0.01,2000000000000000,100,800
2018-02-18,16:11:18.151423,5500,2800,3043439.50783824,0.025,0.05,0.16,0.8,0.05,0.01,2000000000000000,100,800
2018-02-18,16:12:04.296669,5750,2800,3297592.84128179,0.025,0.05,0.16,0.8,0.05,0.01,2000000000000000,100,800
2018-02-18,16:12:49.035685,6000,2800,3453923.91752942,0.025,0.05,0.16,0.8,0.05,0.01,2000000000000000,100,800
2018-02-18,16:13:39.603943,5000,2800,3480000,0.05,1E-05,0.16,0.8,0.05,0.01,2000000000000000,100,800
2018-02-18,16:14:20.247416,5250,2800,3446001.87346206,0.05,1E-05,0.16,0.8,0.05,0.01,2000000000000000,100,800
2018-02-18,16:15:02.749145,5500,2800,3257796.70149168,0.05,1E-05,0.16,0.8,0.05,0.01,2000000000000000,100,800
2018-02-18,16:15:41.990759,5750,2800,3037493.17305983,0.05,1E-05,0.16,0.8,0.05,0.01,2000000000000000,100,800
2018-02-18,16:16:28.717566,6000,2800,2857371.22955131,0.05,1E-05,0.16,0.8,0.05,0.01,2000000000000000,100,800
2018-02-18,16:17:31.627480,5000,2800,3480000,0.05,0.01,0.16,0.8,0.05,0.01,2000000000000000,100,800
2018-02-18,16:18:12.361058,5250,2800,3408263.34959854,0.05,0.01,0.16,0.8,0.05,0.01,2000000000000000,100,800
2018-02-18,16:18:50.318723,5500,2800,3208091.27221868,0.05,0.01,0.16,0.8,0.05,0.01,2000000000000000,100,800
2018-02-18,16:19:25.575817,5750,2800,2958833.69223048,0.05,0.01,0.16,0.8,0.05,0.01,2000000000000000,100,800
2018-02-18,16:20:00.570301,6000,2800,2748674.90128377,0.05,0.01,0.16,0.8,0.05,0.01,2000000000000000,100,800
2018-02-18,16:20:52.473329,5000,2800,3480000,0.05,0.025,0.16,0.8,0.05,0.01,2000000000000000,100,800
2018-02-18,16:21:32.025360,5250,2800,3334187.75709798,0.05,0.025,0.16,0.8,0.05,0.01,2000000000000000,100,800
2018-02-18,16:22:10.913530,5500,2800,3146070.52529992,0.05,0.025,0.16,0.8,0.05,0.01,2000000000000000,100,800
2018-02-18,16:22:43.327543,5750,2800,2833664.01620734,0.05,0.025,0.16,0.8,0.05,0.01,2000000000000000,100,800
2018-02-18,16:23:20.164118,6000,2800,2697587.17738005,0.05,0.025,0.16,0.8,0.05,0.01,2000000000000000,100,800
2018-02-18,16:24:09.561434,5000,2800,3480000,0.05,0.05,0.16,0.8,0.05,0.01,2000000000000000,100,800
2018-02-18,16:24:50.541331,5250,2800,3263200.51835998,0.05,0.05,0.16,0.8,0.05,0.01,2000000000000000,100,800
2018-02-18,16:25:24.311210,5500,2800,3015812.25719964,0.05,0.05,0.16,0.8,0.05,0.01,2000000000000000,100,800
2018-02-18,16:25:57.895485,5750,2800,2718448.23553927,0.05,0.05,0.16,0.8,0.05,0.01,2000000000000000,100,800
2018-02-18,16:26:32.207186,6000,2800,2693370.16104462,0.05,0.05,0.16,0.8,0.05,0.01,2000000000000000,100,800
2018-02-18,16:27:07.592048,5000,2800,2911611.18335167,1E-05,1E-05,0.16,0.8,0.05,0.01,2E+016,100,800
2018-02-18,16:27:41.484281,5250,2800,2722676.76206259,1E-05,1E-05,0.16,0.8,0.05,0.01,2E+016,100,800
2018-02-18,16:28:09.631351,5500,2800,2518984.31556334,1E-05,1E-05,0.16,0.8,0.05,0.01,2E+016,100,800
2018-02-18,16:28:40.611358,5750,2800,2300427.81313979,1E-05,1E-05,0.16,0.8,0.05,0.01,2E+016,100,800
2018-02-18,16:29:11.915797,6000,2800,2063255.90738676,1E-05,1E-05,0.16,0.8,0.05,0.01,2E+016,100,800
2018-02-18,16:29:51.895095,5000,2800,2800720.91264325,1E-05,0.01,0.16,0.8,0.05,0.01,2E+016,100,800
2018-02-18,16:30:32.818028,5250,2800,2601710.09870828,1E-05,0.01,0.16,0.8,0.05,0.01,2E+016,100,800
2018-02-18,16:31:14.984762,5500,2800,2399404.49954722,1E-05,0.01,0.16,0.8,0.05,0.01,2E+016,100,800
2018-02-18,16:31:50.840237,5750,2800,2189285.08678163,1E-05,0.01,0.16,0.8,0.05,0.01,2E+016,100,800
2018-02-18,16:32:32.780599,6000,2800,1965625.34405934,1E-05,0.01,0.16,0.8,0.05,0.01,2E+016,100,800
2018-02-18,16:33:29.670001,5000,2800,2802193.69911457,1E-05,0.025,0.16,0.8,0.05,0.01,2E+016,100,800
2018-02-18,16:34:08.836497,5250,2800,2582363.20931838,1E-05,0.025,0.16,0.8,0.05,0.01,2E+016,100,800
2018-02-18,16:34:46.525529,5500,2800,2367420.30882555,1E-05,0.025,0.16,0.8,0.05,0.01,2E+016,100,800
2018-02-18,16:35:24.288941,5750,2800,2151321.07946323,1E-05,0.025,0.16,0.8,0.05,0.01,2E+016,100,800
2018-02-18,16:35:57.944523,6000,2800,1926593.48384487,1E-05,0.025,0.16,0.8,0.05,0.01,2E+016,100,800
2018-02-18,16:36:37.665659,5000,2800,2809580.17505348,1E-05,0.05,0.16,0.8,0.05,0.01,2E+016,100,800
2018-02-18,16:37:19.286603,5250,2800,2572141.51083404,1E-05,0.05,0.16,0.8,0.05,0.01,2E+016,100,800
2018-02-18,16:38:05.232264,5500,2800,2343860.30809939,1E-05,0.05,0.16,0.8,0.05,0.01,2E+016,100,800
2018-02-18,16:38:43.046900,5750,2800,2118957.80582887,1E-05,0.05,0.16,0.8,0.05,0.01,2E+016,100,800
2018-02-18,16:39:22.107766,6000,2800,1883985.65385158,1E-05,0.05,0.16,0.8,0.05,0.01,2E+016,100,800
2018-02-18,16:39:46.341399,5000,2800,2719951.90104676,0.01,1E-05,0.16,0.8,0.05,0.01,2E+016,100,800
2018-02-18,16:40:30.653554,5250,2800,2686991.25642717,0.01,1E-05,0.16,0.8,0.05,0.01,2E+016,100,800
2018-02-18,16:40:55.664568,5500,2800,2441330.29252115,0.01,1E-05,0.16,0.8,0.05,0.01,2E+016,100,800
2018-02-18,16:41:18.299593,5750,2800,2173660.60263594,0.01,1E-05,0.16,0.8,0.05,0.01,2E+016,100,800
2018-02-18,16:41:39.115843,6000,2800,1885341.64118775,0.01,1E-05,0.16,0.8,0.05,0.01,2E+016,100,800
2018-02-18,16:42:07.963172,5000,2800,2635018.21897304,0.01,0.01,0.16,0.8,0.05,0.01,2E+016,100,800
2018-02-18,16:42:35.579058,5250,2800,2383067.40390221,0.01,0.01,0.16,0.8,0.05,0.01,2E+016,100,800
2018-02-18,16:43:01.513052,5500,2800,2289596.7041295,0.01,0.01,0.16,0.8,0.05,0.01,2E+016,100,800
2018-02-18,16:43:26.785399,5750,2800,2144077.52904731,0.01,0.01,0.16,0.8,0.05,0.01,2E+016,100,800
2018-02-18,16:43:49.897072,6000,2800,1989160.35026329,0.01,0.01,0.16,0.8,0.05,0.01,2E+016,100,800
2018-02-18,16:44:23.899818,5000,2800,2640656.79766053,0.01,0.025,0.16,0.8,0.05,0.01,2E+016,100,800
2018-02-18,16:44:52.489169,5250,2800,2372483.06561354,0.01,0.025,0.16,0.8,0.05,0.01,2E+016,100,800
2018-02-18,16:45:17.228717,5500,2800,2210005.33460769,0.01,0.025,0.16,0.8,0.05,0.01,2E+016,100,800
2018-02-18,16:45:39.711865,5750,2800,2072263.4287636,0.01,0.025,0.16,0.8,0.05,0.01,2E+016,100,800
2018-02-18,16:46:02.549703,6000,2800,1941860.26717707,0.01,0.025,0.16,0.8,0.05,0.01,2E+016,100,800
2018-02-18,16:46:50.819840,5000,2800,2665229.19287173,0.01,0.05,0.16,0.8,0.05,0.01,2E+016,100,800
2018-02-18,16:47:19.837019,5250,2800,2350367.5241908,0.01,0.05,0.16,0.8,0.05,0.01,2E+016,100,800
2018-02-18,16:47:46.754166,5500,2800,2140707.55350933,0.01,0.05,0.16,0.8,0.05,0.01,2E+016,100,800
2018-02-18,16:48:13.007988,5750,2800,2008944.00902036,0.01,0.05,0.16,0.8,0.05,0.01,2E+016,100,800
2018-02-18,16:48:38.106182,6000,2800,1891579.43653505,0.01,0.05,0.16,0.8,0.05,0.01,2E+016,100,800
2018-02-18,16:49:13.813984,5000,2800,2727273.55260332,0.025,1E-05,0.16,0.8,0.05,0.01,2E+016,100,800
2018-02-18,16:49:40.587058,5250,2800,2424682.09612965,0.025,1E-05,0.16,0.8,0.05,0.01,2E+016,100,800
2018-02-18,16:50:03.204047,5500,2800,2078422.61429801,0.025,1E-05,0.16,0.8,0.05,0.01,2E+016,100,800
2018-02-18,16:50:38.635228,5750,2800,2191231.66769017,0.025,1E-05,0.16,0.8,0.05,0.01,2E+016,100,800
2018-02-18,16:51:06.445241,6000,2800,1847506.76036792,0.025,1E-05,0.16,0.8,0.05,0.01,2E+016,100,800
2018-02-18,16:51:46.922683,5000,2800,2667896.90937279,0.025,0.01,0.16,0.8,0.05,0.01,2E+016,100,800
2018-02-18,16:52:20.769661,5250,2800,2330856.34714515,0.025,0.01,0.16,0.8,0.05,0.01,2E+016,100,800
2018-02-18,16:52:54.779559,5500,2800,1910256.92325329,0.025,0.01,0.16,0.8,0.05,0.01,2E+016,100,800
2018-02-18,16:53:23.689799,5750,2800,1892276.91745598,0.025,0.01,0.16,0.8,0.05,0.01,2E+016,100,800
2018-02-18,16:53:51.908605,6000,2800,1805421.99748391,0.025,0.01,0.16,0.8,0.05,0.01,2E+016,100,800
2018-02-18,16:54:32.314192,5000,2800,2644379.62689412,0.025,0.025,0.16,0.8,0.05,0.01,2E+016,100,800
2018-02-18,16:55:09.452028,5250,2800,2269449.01925284,0.025,0.025,0.16,0.8,0.05,0.01,2E+016,100,800
2018-02-18,16:55:37.312808,5500,2800,1810585.38587301,0.025,0.025,0.16,0.8,0.05,0.01,2E+016,100,800
2018-02-18,16:56:03.612370,5750,2800,1798439.15283167,0.025,0.025,0.16,0.8,0.05,0.01,2E+016,100,800
2018-02-18,16:56:27.433583,6000,2800,1750301.43293563,0.025,0.025,0.16,0.8,0.05,0.01,2E+016,100,800
2018-02-18,16:57:11.675077,5000,2800,2643252.57597124,0.025,0.05,0.16,0.8,0.05,0.01,2E+016,100,800
2018-02-18,16:57:48.988079,5250,2800,2232425.56865725,0.025,0.05,0.16,0.8,0.05,0.01,2E+016,100,800
2018-02-18,16:58:17.635499,5500,2800,1765115.94066371,0.025,0.05,0.16,0.8,0.05,0.01,2E+016,100,800
2018-02-18,16:58:44.061598,5750,2800,1701723.67809787,0.025,0.05,0.16,0.8,0.05,0.01,2E+016,100,800
2018-02-18,16:59:07.324917,6000,2800,1709829.33489422,0.025,0.05,0.16,0.8,0.05,0.01,2E+016,100,800
2018-02-18,16:59:38.310909,5000,2800,2764517.16431469,0.05,1E-05,0.16,0.8,0.05,0.01,2E+016,100,800
2018-02-18,17:00:03.456850,5250,2800,2472407.94665507,0.05,1E-05,0.16,0.8,0.05,0.01,2E+016,100,800
2018-02-18,17:00:28.729719,5500,2800,2107875.30725465,0.05,1E-05,0.16,0.8,0.05,0.01,2E+016,100,800
2018-02-18,17:00:55.106769,5750,2800,1605363.49756966,0.05,1E-05,0.16,0.8,0.05,0.01,2E+016,100,800
2018-02-18,17:01:19.357561,6000,2800,872338.001484404,0.05,1E-05,0.16,0.8,0.05,0.01,2E+016,100,800
2018-02-18,17:02:11.452900,5000,2800,2714027.6374191,0.05,0.01,0.16,0.8,0.05,0.01,2E+016,100,800
2018-02-18,17:02:52.593426,5250,2800,2404042.15994545,0.05,0.01,0.16,0.8,0.05,0.01,2E+016,100,800
2018-02-18,17:03:27.872035,5500,2800,2011903.6350864,0.05,0.01,0.16,0.8,0.05,0.01,2E+016,100,800
2018-02-18,17:04:00.548259,5750,2800,1428610.74992295,0.05,0.01,0.16,0.8,0.05,0.01,2E+016,100,800
2018-02-18,17:04:22.499927,6000,2800,0,0.05,0.01,0.16,0.8,0.05,0.01,2E+016,100,800
2018-02-18,17:05:05.400169,5000,2800,2677976.56680633,0.05,0.025,0.16,0.8,0.05,0.01,2E+016,100,800
2018-02-18,17:05:45.696794,5250,2800,2330721.79192982,0.05,0.025,0.16,0.8,0.05,0.01,2E+016,100,800
2018-02-18,17:06:22.286651,5500,2800,1945900.54986859,0.05,0.025,0.16,0.8,0.05,0.01,2E+016,100,800
2018-02-18,17:06:52.350719,5750,2800,1189452.66392711,0.05,0.025,0.16,0.8,0.05,0.01,2E+016,100,800
2018-02-18,17:07:12.501412,6000,2800,0,0.05,0.025,0.16,0.8,0.05,0.01,2E+016,100,800
2018-02-18,17:07:55.690756,5000,2800,2641785.53740101,0.05,0.05,0.16,0.8,0.05,0.01,2E+016,100,800
2018-02-18,17:08:35.960940,5250,2800,2248824.3609211,0.05,0.05,0.16,0.8,0.05,0.01,2E+016,100,800
2018-02-18,17:09:09.063016,5500,2800,1756630.86001354,0.05,0.05,0.16,0.8,0.05,0.01,2E+016,100,800
2018-02-18,17:09:36.860907,5750,2800,878342.853434264,0.05,0.05,0.16,0.8,0.05,0.01,2E+016,100,800
2018-02-18,17:09:57.555849,6000,2800,0,0.05,0.05,0.16,0.8,0.05,0.01,2E+016,100,800
2018-02-18,17:10:32.181468,5000,2800,2135139.19183107,1E-05,1E-05,0.16,0.8,0.05,0.01,2E+017,100,800
2018-02-18,17:11:04.210613,5250,2800,1754161.84358052,1E-05,1E-05,0.16,0.8,0.05,0.01,2E+017,100,800
2018-02-18,17:11:34.747729,5500,2800,1242583.61693972,1E-05,1E-05,0.16,0.8,0.05,0.01,2E+017,100,800
2018-02-18,17:11:59.938207,5750,2800,0,1E-05,1E-05,0.16,0.8,0.05,0.01,2E+017,100,800
2018-02-18,17:12:21.800965,6000,2800,0,1E-05,1E-05,0.16,0.8,0.05,0.01,2E+017,100,800
2018-02-18,17:12:59.085206,5000,2800,1991916.28793738,1E-05,0.01,0.16,0.8,0.05,0.01,2E+017,100,800
2018-02-18,17:13:35.833227,5250,2800,1552968.76056879,1E-05,0.01,0.16,0.8,0.05,0.01,2E+017,100,800
2018-02-18,17:14:09.206480,5500,2800,883599.152726922,1E-05,0.01,0.16,0.8,0.05,0.01,2E+017,100,800
2018-02-18,17:14:33.881889,5750,2800,0,1E-05,0.01,0.16,0.8,0.05,0.01,2E+017,100,800
2018-02-18,17:15:01.019578,6000,2800,0,1E-05,0.01,0.16,0.8,0.05,0.01,2E+017,100,800
2018-02-18,17:15:41.521249,5000,2800,1988446.07552495,1E-05,0.025,0.16,0.8,0.05,0.01,2E+017,100,800
2018-02-18,17:16:13.026146,5250,2800,1510045.07335283,1E-05,0.025,0.16,0.8,0.05,0.01,2E+017,100,800
2018-02-18,17:16:44.730712,5500,2800,734905.150665052,1E-05,0.025,0.16,0.8,0.05,0.01,2E+017,100,800
2018-02-18,17:17:13.843381,5750,2800,0,1E-05,0.025,0.16,0.8,0.05,0.01,2E+017,100,800
2018-02-18,17:17:41.678928,6000,2800,0,1E-05,0.025,0.16,0.8,0.05,0.01,2E+017,100,800
2018-02-18,17:18:25.214051,5000,2800,2010728.91194603,1E-05,0.05,0.16,0.8,0.05,0.01,2E+017,100,800
2018-02-18,17:19:07.376229,5250,2800,1513874.63282673,1E-05,0.05,0.16,0.8,0.05,0.01,2E+017,100,800
2018-02-18,17:19:43.464190,5500,2800,673697.101243735,1E-05,0.05,0.16,0.8,0.05,0.01,2E+017,100,800
2018-02-18,17:20:15.743385,5750,2800,0,1E-05,0.05,0.16,0.8,0.05,0.01,2E+017,100,800
2018-02-18,17:20:45.211798,6000,2800,0,1E-05,0.05,0.16,0.8,0.05,0.01,2E+017,100,800
2018-02-18,17:21:11.958970,5000,2800,1903613.54660027,0.01,1E-05,0.16,0.8,0.05,0.01,2E+017,100,800
2018-02-18,17:21:47.639363,5250,2800,1704754.33976809,0.01,1E-05,0.16,0.8,0.05,0.01,2E+017,100,800
2018-02-18,17:22:11.076845,5500,2800,1074405.61861116,0.01,1E-05,0.16,0.8,0.05,0.01,2E+017,100,800
2018-02-18,17:22:27.418359,5750,2800,0,0.01,1E-05,0.16,0.8,0.05,0.01,2E+017,100,800
2018-02-18,17:22:42.450149,6000,2800,0,0.01,1E-05,0.16,0.8,0.05,0.01,2E+017,100,800
2018-02-18,17:23:15.103115,5000,2800,1756755.20552792,0.01,0.01,0.16,0.8,0.05,0.01,2E+017,100,800
2018-02-18,17:23:42.333761,5250,2800,819777.743708851,0.01,0.01,0.16,0.8,0.05,0.01,2E+017,100,800
2018-02-18,17:23:59.739141,5500,2800,0,0.01,0.01,0.16,0.8,0.05,0.01,2E+017,100,800
2018-02-18,17:24:15.159938,5750,2800,0,0.01,0.01,0.16,0.8,0.05,0.01,2E+017,100,800
2018-02-18,17:24:31.135730,6000,2800,0,0.01,0.01,0.16,0.8,0.05,0.01,2E+017,100,800
2018-02-18,17:25:04.155018,5000,2800,1742341.99443089,0.01,0.025,0.16,0.8,0.05,0.01,2E+017,100,800
2018-02-18,17:25:30.692581,5250,2800,847472.053250054,0.01,0.025,0.16,0.8,0.05,0.01,2E+017,100,800
2018-02-18,17:25:47.855728,5500,2800,0,0.01,0.025,0.16,0.8,0.05,0.01,2E+017,100,800
2018-02-18,17:26:02.402246,5750,2800,0,0.01,0.025,0.16,0.8,0.05,0.01,2E+017,100,800
2018-02-18,17:26:19.376926,6000,2800,0,0.01,0.025,0.16,0.8,0.05,0.01,2E+017,100,800
2018-02-18,17:26:57.465492,5000,2800,1764616.3064684,0.01,0.05,0.16,0.8,0.05,0.01,2E+017,100,800
2018-02-18,17:27:25.131130,5250,2800,881811.883948844,0.01,0.05,0.16,0.8,0.05,0.01,2E+017,100,800
2018-02-18,17:27:43.335718,5500,2800,0,0.01,0.05,0.16,0.8,0.05,0.01,2E+017,100,800
2018-02-18,17:27:59.516948,5750,2800,0,0.01,0.05,0.16,0.8,0.05,0.01,2E+017,100,800
2018-02-18,17:28:14.429306,6000,2800,0,0.01,0.05,0.16,0.8,0.05,0.01,2E+017,100,800
2018-02-18,17:28:41.376271,5000,2800,3480000,0.025,1E-05,0.16,0.8,0.05,0.01,2E+017,100,800
2018-02-18,17:29:10.651528,5250,2800,1243733.28807472,0.025,1E-05,0.16,0.8,0.05,0.01,2E+017,100,800
2018-02-18,17:29:27.135245,5500,2800,0,0.025,1E-05,0.16,0.8,0.05,0.01,2E+017,100,800
2018-02-18,17:30:00.718660,5750,2800,0,0.025,1E-05,0.16,0.8,0.05,0.01,2E+017,100,800
2018-02-18,17:30:17.995272,6000,2800,0,0.025,1E-05,0.16,0.8,0.05,0.01,2E+017,100,800
2018-02-18,17:30:59.573462,5000,2800,1785469.33235701,0.025,0.01,0.16,0.8,0.05,0.01,2E+017,100,800
2018-02-18,17:31:31.340011,5250,2800,938758.217005579,0.025,0.01,0.16,0.8,0.05,0.01,2E+017,100,800
2018-02-18,17:31:51.251296,5500,2800,0,0.025,0.01,0.16,0.8,0.05,0.01,2E+017,100,800
2018-02-18,17:32:08.964863,5750,2800,0,0.025,0.01,0.16,0.8,0.05,0.01,2E+017,100,800
2018-02-18,17:32:22.382902,6000,2800,0,0.025,0.01,0.16,0.8,0.05,0.01,2E+017,100,800
2018-02-18,17:33:04.261197,5000,2800,1749078.65128548,0.025,0.025,0.16,0.8,0.05,0.01,2E+017,100,800
2018-02-18,17:33:35.455291,5250,2800,763810.641965696,0.025,0.025,0.16,0.8,0.05,0.01,2E+017,100,800
2018-02-18,17:33:55.332137,5500,2800,0,0.025,0.025,0.16,0.8,0.05,0.01,2E+017,100,800
2018-02-18,17:34:13.330621,5750,2800,0,0.025,0.025,0.16,0.8,0.05,0.01,2E+017,100,800
2018-02-18,17:34:28.644442,6000,2800,0,0.025,0.025,0.16,0.8,0.05,0.01,2E+017,100,800
2018-02-18,17:35:10.560303,5000,2800,1738404.83832115,0.025,0.05,0.16,0.8,0.05,0.01,2E+017,100,800
2018-02-18,17:35:46.294020,5250,2800,623834.790564095,0.025,0.05,0.16,0.8,0.05,0.01,2E+017,100,800
2018-02-18,17:36:08.579870,5500,2800,0,0.025,0.05,0.16,0.8,0.05,0.01,2E+017,100,800
2018-02-18,17:36:25.244381,5750,2800,0,0.025,0.05,0.16,0.8,0.05,0.01,2E+017,100,800
2018-02-18,17:36:40.874641,6000,2800,0,0.025,0.05,0.16,0.8,0.05,0.01,2E+017,100,800
2018-02-18,17:37:15.214632,5000,2800,1947270.93559232,0.05,1E-05,0.16,0.8,0.05,0.01,2E+017,100,800
2018-02-18,17:37:44.841054,5250,2800,1324710.09201687,0.05,1E-05,0.16,0.8,0.05,0.01,2E+017,100,800
2018-02-18,17:38:06.109295,5500,2800,0,0.05,1E-05,0.16,0.8,0.05,0.01,2E+017,100,800
2018-02-18,17:38:24.139945,5750,2800,0,0.05,1E-05,0.16,0.8,0.05,0.01,2E+017,100,800
2018-02-18,17:38:44.317498,6000,2800,0,0.05,1E-05,0.16,0.8,0.05,0.01,2E+017,100,800
2018-02-18,17:39:26.800685,5000,2800,1834988.20295432,0.05,0.01,0.16,0.8,0.05,0.01,2E+017,100,800
2018-02-18,17:40:02.413386,5250,2800,1096984.46889536,0.05,0.01,0.16,0.8,0.05,0.01,2E+017,100,800
2018-02-18,17:40:29.832034,5500,2800,0,0.05,0.01,0.16,0.8,0.05,0.01,2E+017,100,800
2018-02-18,17:40:53.303893,5750,2800,0,0.05,0.01,0.16,0.8,0.05,0.01,2E+017,100,800
2018-02-18,17:41:12.184906,6000,2800,0,0.05,0.01,0.16,0.8,0.05,0.01,2E+017,100,800
2018-02-18,17:41:55.104645,5000,2800,1790581.55388884,0.05,0.025,0.16,0.8,0.05,0.01,2E+017,100,800
2018-02-18,17:42:33.640539,5250,2800,942267.54344969,0.05,0.025,0.16,0.8,0.05,0.01,2E+017,100,800
2018-02-18,17:43:02.188599,5500,2800,0,0.05,0.025,0.16,0.8,0.05,0.01,2E+017,100,800
2018-02-18,17:43:25.916555,5750,2800,0,0.05,0.025,0.16,0.8,0.05,0.01,2E+017,100,800
2018-02-18,17:43:44.617096,6000,2800,0,0.05,0.025,0.16,0.8,0.05,0.01,2E+017,100,800
2018-02-18,17:44:25.704185,5000,2800,1747904.2145249,0.05,0.05,0.16,0.8,0.05,0.01,2E+017,100,800
2018-02-18,17:45:02.276833,5250,2800,740392.447308912,0.05,0.05,0.16,0.8,0.05,0.01,2E+017,100,800
2018-02-18,17:45:28.198098,5500,2800,0,0.05,0.05,0.16,0.8,0.05,0.01,2E+017,100,800
2018-02-18,17:45:51.084809,5750,2800,0,0.05,0.05,0.16,0.8,0.05,0.01,2E+017,100,800
2018-02-18,17:46:09.451099,6000,2800,0,0.05,0.05,0.16,0.8,0.05,0.01,2E+017,100,800
2018-02-18,18:08:49.020385,5000,2800,3480000,1E-05,1E-05,0.16,0.8,0.05,0.01,2000000000000000,1000,800
2018-02-18,18:09:27.380635,5250,2800,3480000,1E-05,1E-05,0.16,0.8,0.05,0.01,2000000000000000,1000,800
2018-02-18,18:10:11.661124,5500,2800,3480000,1E-05,1E-05,0.16,0.8,0.05,0.01,2000000000000000,1000,800
2018-02-18,18:10:50.395848,5750,2800,3480000,1E-05,1E-05,0.16,0.8,0.05,0.01,2000000000000000,1000,800
2018-02-18,18:11:32.344878,6000,2800,3480000,1E-05,1E-05,0.16,0.8,0.05,0.01,2000000000000000,1000,800
2018-02-18,18:12:16.189111,5000,2800,3480000,1E-05,0.01,0.16,0.8,0.05,0.01,2000000000000000,1000,800
2018-02-18,18:13:10.327603,5250,2800,3480000,1E-05,0.01,0.16,0.8,0.05,0.01,2000000000000000,1000,800
2018-02-18,18:14:02.898482,5500,2800,0,1E-05,0.01,0.16,0.8,0.05,0.01,2000000000000000,1000,800
2018-02-18,18:14:52.405918,5750,2800,3480000,1E-05,0.01,0.16,0.8,0.05,0.01,2000000000000000,1000,800
2018-02-18,18:15:35.470630,6000,2800,3480000,1E-05,0.01,0.16,0.8,0.05,0.01,2000000000000000,1000,800
2018-02-18,18:16:29.773922,5000,2800,3480000,1E-05,0.025,0.16,0.8,0.05,0.01,2000000000000000,1000,800
2018-02-18,18:17:14.839801,5250,2800,3480000,1E-05,0.025,0.16,0.8,0.05,0.01,2000000000000000,1000,800
2018-02-18,18:18:07.025350,5500,2800,3480000,1E-05,0.025,0.16,0.8,0.05,0.01,2000000000000000,1000,800
2018-02-18,18:19:12.300448,5750,2800,3480000,1E-05,0.025,0.16,0.8,0.05,0.01,2000000000000000,1000,800
2018-02-18,18:20:12.227966,6000,2800,3480000,1E-05,0.025,0.16,0.8,0.05,0.01,2000000000000000,1000,800
2018-02-18,18:20:57.687626,5000,2800,3480000,1E-05,0.05,0.16,0.8,0.05,0.01,2000000000000000,1000,800
2018-02-18,18:21:47.494822,5250,2800,3466439.53990002,1E-05,0.05,0.16,0.8,0.05,0.01,2000000000000000,1000,800
2018-02-18,18:22:36.656077,5500,2800,3439182.98949668,1E-05,0.05,0.16,0.8,0.05,0.01,2000000000000000,1000,800
2018-02-18,18:23:26.727626,5750,2800,3436265.60112021,1E-05,0.05,0.16,0.8,0.05,0.01,2000000000000000,1000,800
2018-02-18,18:24:18.106333,6000,2800,3439386.45605941,1E-05,0.05,0.16,0.8,0.05,0.01,2000000000000000,1000,800
2018-02-18,18:25:07.831985,5000,2800,3480000,0.01,1E-05,0.16,0.8,0.05,0.01,2000000000000000,1000,800
2018-02-18,18:26:15.408259,5250,2800,3480000,0.01,1E-05,0.16,0.8,0.05,0.01,2000000000000000,1000,800
2018-02-18,18:27:13.654593,5500,2800,3480000,0.01,1E-05,0.16,0.8,0.05,0.01,2000000000000000,1000,800
2018-02-18,18:27:57.704751,5750,2800,3480000,0.01,1E-05,0.16,0.8,0.05,0.01,2000000000000000,1000,800
2018-02-18,18:28:42.486992,6000,2800,3480000,0.01,1E-05,0.16,0.8,0.05,0.01,2000000000000000,1000,800
2018-02-18,18:29:27.386118,5000,2800,0,0.01,0.01,0.16,0.8,0.05,0.01,2000000000000000,1000,800
2018-02-18,18:30:15.283791,5250,2800,3480000,0.01,0.01,0.16,0.8,0.05,0.01,2000000000000000,1000,800
2018-02-18,18:30:59.482074,5500,2800,3480000,0.01,0.01,0.16,0.8,0.05,0.01,2000000000000000,1000,800
2018-02-18,18:31:40.462705,5750,2800,3480000,0.01,0.01,0.16,0.8,0.05,0.01,2000000000000000,1000,800
2018-02-18,18:32:19.142257,6000,2800,3480000,0.01,0.01,0.16,0.8,0.05,0.01,2000000000000000,1000,800
2018-02-18,18:33:03.152403,5000,2800,3480000,0.01,0.025,0.16,0.8,0.05,0.01,2000000000000000,1000,800
2018-02-18,18:33:38.738296,5250,2800,3462273.47072967,0.01,0.025,0.16,0.8,0.05,0.01,2000000000000000,1000,800
2018-02-18,18:34:20.620319,5500,2800,3480000,0.01,0.025,0.16,0.8,0.05,0.01,2000000000000000,1000,800
2018-02-18,18:35:02.692779,5750,2800,3480000,0.01,0.025,0.16,0.8,0.05,0.01,2000000000000000,1000,800
2018-02-18,18:35:43.095339,6000,2800,3480000,0.01,0.025,0.16,0.8,0.05,0.01,2000000000000000,1000,800
2018-02-18,18:36:29.787353,5000,2800,3480000,0.01,0.05,0.16,0.8,0.05,0.01,2000000000000000,1000,800
2018-02-18,18:37:06.344751,5250,2800,3272757.4710484,0.01,0.05,0.16,0.8,0.05,0.01,2000000000000000,1000,800
2018-02-18,18:37:40.609409,5500,2800,3328018.28819115,0.01,0.05,0.16,0.8,0.05,0.01,2000000000000000,1000,800
2018-02-18,18:38:24.145575,5750,2800,3480000,0.01,0.05,0.16,0.8,0.05,0.01,2000000000000000,1000,800
2018-02-18,18:39:11.667587,6000,2800,3480000,0.01,0.05,0.16,0.8,0.05,0.01,2000000000000000,1000,800
2018-02-18,18:40:00.800356,5000,2800,3480000,0.025,1E-05,0.16,0.8,0.05,0.01,2000000000000000,1000,800
2018-02-18,18:40:50.512516,5250,2800,3480000,0.025,1E-05,0.16,0.8,0.05,0.01,2000000000000000,1000,800
2018-02-18,18:41:41.097213,5500,2800,3328018.28819115,0.025,1E-05,0.16,0.8,0.05,0.01,2000000000000000,1000,800
2018-02-18,18:42:40.274432,5750,2800,3480000,0.025,1E-05,0.16,0.8,0.05,0.01,2000000000000000,1000,800
2018-02-18,18:43:29.823658,6000,2800,3480000,0.025,1E-05,0.16,0.8,0.05,0.01,2000000000000000,1000,800
2018-02-18,18:44:22.365186,5000,2800,3480000,0.025,0.01,0.16,0.8,0.05,0.01,2000000000000000,1000,800
2018-02-18,18:45:07.893061,5250,2800,3480000,0.025,0.01,0.16,0.8,0.05,0.01,2000000000000000,1000,800
2018-02-18,18:45:45.917722,5500,2800,3480000,0.025,0.01,0.16,0.8,0.05,0.01,2000000000000000,1000,800
2018-02-18,18:46:32.436487,5750,2800,3480000,0.025,0.01,0.16,0.8,0.05,0.01,2000000000000000,1000,800
2018-02-18,18:47:19.338332,6000,2800,3480000,0.025,0.01,0.16,0.8,0.05,0.01,2000000000000000,1000,800
2018-02-18,18:48:12.293357,5000,2800,3480000,0.025,0.025,0.16,0.8,0.05,0.01,2000000000000000,1000,800
2018-02-18,18:48:53.055240,5250,2800,3439661.57196934,0.025,0.025,0.16,0.8,0.05,0.01,2000000000000000,1000,800
2018-02-18,18:49:28.555909,5500,2800,3214519.51841911,0.025,0.025,0.16,0.8,0.05,0.01,2000000000000000,1000,800
2018-02-18,18:50:04.723197,5750,2800,3345582.98879053,0.025,0.025,0.16,0.8,0.05,0.01,2000000000000000,1000,800
2018-02-18,18:50:52.515834,6000,2800,3480000,0.025,0.025,0.16,0.8,0.05,0.01,2000000000000000,1000,800
2018-02-18,18:51:38.134901,5000,2800,3472876.62835049,0.025,0.05,0.16,0.8,0.05,0.01,2000000000000000,1000,800
2018-02-18,18:52:21.355518,5250,2800,3237401.26303668,0.025,0.05,0.16,0.8,0.05,0.01,2000000000000000,1000,800
2018-02-18,18:52:56.258827,5500,2800,2925989.70417652,0.025,0.05,0.16,0.8,0.05,0.01,2000000000000000,1000,800
2018-02-18,18:53:29.376275,5750,2800,3012088.53006053,0.025,0.05,0.16,0.8,0.05,0.01,2000000000000000,1000,800
2018-02-18,18:54:01.863447,6000,2800,3303097.03353991,0.025,0.05,0.16,0.8,0.05,0.01,2000000000000000,1000,800
2018-02-18,18:54:53.209261,5000,2800,3480000,0.05,1E-05,0.16,0.8,0.05,0.01,2000000000000000,1000,800
2018-02-18,18:55:50.062615,5250,2800,3480000,0.05,1E-05,0.16,0.8,0.05,0.01,2000000000000000,1000,800
2018-02-18,18:56:39.899077,5500,2800,3480000,0.05,1E-05,0.16,0.8,0.05,0.01,2000000000000000,1000,800
2018-02-18,18:57:15.945980,5750,2800,3318099.25486343,0.05,1E-05,0.16,0.8,0.05,0.01,2000000000000000,1000,800
2018-02-18,18:57:58.677023,6000,2800,3160005.10112516,0.05,1E-05,0.16,0.8,0.05,0.01,2000000000000000,1000,800
2018-02-18,18:58:56.741318,5000,2800,3480000,0.05,0.01,0.16,0.8,0.05,0.01,2000000000000000,1000,800
2018-02-18,18:59:55.676490,5250,2800,3480000,0.05,0.01,0.16,0.8,0.05,0.01,2000000000000000,1000,800
2018-02-18,19:00:46.634024,5500,2800,3480000,0.05,0.01,0.16,0.8,0.05,0.01,2000000000000000,1000,800
2018-02-18,19:01:25.076949,5750,2800,3305468.54132062,0.05,0.01,0.16,0.8,0.05,0.01,2000000000000000,1000,800
2018-02-18,19:02:00.558831,6000,2800,3106900.89522404,0.05,0.01,0.16,0.8,0.05,0.01,2000000000000000,1000,800
2018-02-18,19:02:55.784090,5000,2800,3480000,0.05,0.025,0.16,0.8,0.05,0.01,2000000000000000,1000,800
2018-02-18,19:03:49.035007,5250,2800,3480000,0.05,0.025,0.16,0.8,0.05,0.01,2000000000000000,1000,800
2018-02-18,19:04:05.186359,5500,2800,3480000,0.05,0.025,0.16,0.8,0.05,0.01,2000000000000000,1000,800
2018-02-18,19:04:45.156599,5750,2800,3060692.76656018,0.05,0.025,0.16,0.8,0.05,0.01,2000000000000000,1000,800
2018-02-18,19:05:18.350771,6000,2800,2755713.6998892,0.05,0.025,0.16,0.8,0.05,0.01,2000000000000000,1000,800
2018-02-18,19:06:04.475113,5000,2800,3473337.14338671,0.05,0.05,0.16,0.8,0.05,0.01,2000000000000000,1000,800
2018-02-18,19:07:01.763964,5250,2800,3280000.41040771,0.05,0.05,0.16,0.8,0.05,0.01,2000000000000000,1000,800
2018-02-18,19:07:46.162651,5500,2800,3055811.91841814,0.05,0.05,0.16,0.8,0.05,0.01,2000000000000000,1000,800
2018-02-18,19:08:28.407489,5750,2800,2724785.83103805,0.05,0.05,0.16,0.8,0.05,0.01,2000000000000000,1000,800
2018-02-18,19:09:02.806061,6000,2800,2268278.59005013,0.05,0.05,0.16,0.8,0.05,0.01,2000000000000000,1000,800
2018-02-18,19:09:44.876213,5000,2800,3322718.94490301,1E-05,1E-05,0.16,0.8,0.05,0.01,2E+016,1000,800
2018-02-18,19:10:23.548226,5250,2800,3216021.7520711,1E-05,1E-05,0.16,0.8,0.05,0.01,2E+016,1000,800
2018-02-18,19:11:02.367421,5500,2800,3107428.5655373,1E-05,1E-05,0.16,0.8,0.05,0.01,2E+016,1000,800
2018-02-18,19:11:40.319649,5750,2800,2999940.77505008,1E-05,1E-05,0.16,0.8,0.05,0.01,2E+016,1000,800
2018-02-18,19:12:18.156726,6000,2800,2894354.17174964,1E-05,1E-05,0.16,0.8,0.05,0.01,2E+016,1000,800
2018-02-18,19:12:58.745506,5000,2800,3049168.68965786,1E-05,0.01,0.16,0.8,0.05,0.01,2E+016,1000,800
2018-02-18,19:13:54.079060,5250,2800,2926591.34401955,1E-05,0.01,0.16,0.8,0.05,0.01,2E+016,1000,800
2018-02-18,19:14:43.468416,5500,2800,2817418.51959572,1E-05,0.01,0.16,0.8,0.05,0.01,2E+016,1000,800
2018-02-18,19:15:26.283434,5750,2800,2721780.30751762,1E-05,0.01,0.16,0.8,0.05,0.01,2E+016,1000,800
2018-02-18,19:16:09.704977,6000,2800,2633640.45914586,1E-05,0.01,0.16,0.8,0.05,0.01,2E+016,1000,800
2018-02-18,19:17:07.329098,5000,2800,2846016.34253004,1E-05,0.025,0.16,0.8,0.05,0.01,2E+016,1000,800
2018-02-18,19:17:54.189449,5250,2800,2687815.13454886,1E-05,0.025,0.16,0.8,0.05,0.01,2E+016,1000,800
2018-02-18,19:18:47.690247,5500,2800,2571618.98318216,1E-05,0.025,0.16,0.8,0.05,0.01,2E+016,1000,800
2018-02-18,19:19:45.946559,5750,2800,2479816.78876917,1E-05,0.025,0.16,0.8,0.05,0.01,2E+016,1000,800
2018-02-18,19:20:41.531893,6000,2800,2396975.37085881,1E-05,0.025,0.16,0.8,0.05,0.01,2E+016,1000,800
2018-02-18,19:21:29.054421,5000,2800,2695268.80281758,1E-05,0.05,0.16,0.8,0.05,0.01,2E+016,1000,800
2018-02-18,19:22:22.050239,5250,2800,2465942.71382778,1E-05,0.05,0.16,0.8,0.05,0.01,2E+016,1000,800
2018-02-18,19:23:18.658750,5500,2800,2313026.986255,1E-05,0.05,0.16,0.8,0.05,0.01,2E+016,1000,800
2018-02-18,19:24:14.737682,5750,2800,2202858.39981654,1E-05,0.05,0.16,0.8,0.05,0.01,2E+016,1000,800
2018-02-18,19:25:06.974259,6000,2800,2110830.95181226,1E-05,0.05,0.16,0.8,0.05,0.01,2E+016,1000,800
2018-02-18,19:25:44.771370,5000,2800,3062411.37381424,0.01,1E-05,0.16,0.8,0.05,0.01,2E+016,1000,800
2018-02-18,19:26:45.043135,5250,2800,3141078.43658187,0.01,1E-05,0.16,0.8,0.05,0.01,2E+016,1000,800
2018-02-18,19:27:38.176063,5500,2800,2995810.01683217,0.01,1E-05,0.16,0.8,0.05,0.01,2E+016,1000,800
2018-02-18,19:28:17.622114,5750,2800,2854621.13124579,0.01,1E-05,0.16,0.8,0.05,0.01,2E+016,1000,800
2018-02-18,19:28:56.366444,6000,2800,2728482.56066997,0.01,1E-05,0.16,0.8,0.05,0.01,2E+016,1000,800
2018-02-18,19:29:29.748879,5000,2800,2904284.41254052,0.01,0.01,0.16,0.8,0.05,0.01,2E+016,1000,800
2018-02-18,19:30:08.421965,5250,2800,2760994.3122924,0.01,0.01,0.16,0.8,0.05,0.01,2E+016,1000,800
2018-02-18,19:30:44.800667,5500,2800,2725695.08933302,0.01,0.01,0.16,0.8,0.05,0.01,2E+016,1000,800
2018-02-18,19:31:18.554210,5750,2800,2658575.98671707,0.01,0.01,0.16,0.8,0.05,0.01,2E+016,1000,800
2018-02-18,19:31:52.079935,6000,2800,2582847.04690358,0.01,0.01,0.16,0.8,0.05,0.01,2E+016,1000,800
2018-02-18,19:32:27.961186,5000,2800,2707308.68333594,0.01,0.025,0.16,0.8,0.05,0.01,2E+016,1000,800
2018-02-18,19:33:03.384129,5250,2800,2414224.17522617,0.01,0.025,0.16,0.8,0.05,0.01,2E+016,1000,800
2018-02-18,19:33:35.591254,5500,2800,2379368.97185593,0.01,0.025,0.16,0.8,0.05,0.01,2E+016,1000,800
2018-02-18,19:34:10.341427,5750,2800,2395437.69838644,0.01,0.025,0.16,0.8,0.05,0.01,2E+016,1000,800
2018-02-18,19:34:44.546502,6000,2800,2379196.74116797,0.01,0.025,0.16,0.8,0.05,0.01,2E+016,1000,800
2018-02-18,19:35:40.836963,5000,2800,2585147.89890419,0.01,0.05,0.16,0.8,0.05,0.01,2E+016,1000,800
2018-02-18,19:36:19.690812,5250,2800,2158017.55581482,0.01,0.05,0.16,0.8,0.05,0.01,2E+016,1000,800
2018-02-18,19:36:52.984887,5500,2800,1982058.33246191,0.01,0.05,0.16,0.8,0.05,0.01,2E+016,1000,800
2018-02-18,19:37:26.152271,5750,2800,2030402.6870787,0.01,0.05,0.16,0.8,0.05,0.01,2E+016,1000,800
2018-02-18,19:38:00.117028,6000,2800,2074919.80487522,0.01,0.05,0.16,0.8,0.05,0.01,2E+016,1000,800
2018-02-18,19:38:37.579560,5000,2800,3027864.56824528,0.025,1E-05,0.16,0.8,0.05,0.01,2E+016,1000,800
2018-02-18,19:39:14.675225,5250,2800,2787445.63885712,0.025,1E-05,0.16,0.8,0.05,0.01,2E+016,1000,800
2018-02-18,19:39:48.923175,5500,2800,2544748.96360853,0.025,1E-05,0.16,0.8,0.05,0.01,2E+016,1000,800
2018-02-18,19:40:45.612791,5750,2800,2816241.25930003,0.025,1E-05,0.16,0.8,0.05,0.01,2E+016,1000,800
2018-02-18,19:41:25.979914,6000,2800,2650045.84452398,0.025,1E-05,0.16,0.8,0.05,0.01,2E+016,1000,800
2018-02-18,19:42:05.319374,5000,2800,2926961.41032021,0.025,0.01,0.16,0.8,0.05,0.01,2E+016,1000,800
2018-02-18,19:42:40.595416,5250,2800,2661120.55834642,0.025,0.01,0.16,0.8,0.05,0.01,2E+016,1000,800
2018-02-18,19:43:12.167656,5500,2800,2368453.00992963,0.025,0.01,0.16,0.8,0.05,0.01,2E+016,1000,800
2018-02-18,19:43:49.339414,5750,2800,2340249.90366472,0.025,0.01,0.16,0.8,0.05,0.01,2E+016,1000,800
2018-02-18,19:44:22.021528,6000,2800,2347452.83766856,0.025,0.01,0.16,0.8,0.05,0.01,2E+016,1000,800
2018-02-18,19:45:05.700046,5000,2800,2752392.875144,0.025,0.025,0.16,0.8,0.05,0.01,2E+016,1000,800
2018-02-18,19:45:43.132548,5250,2800,2422126.94892533,0.025,0.025,0.16,0.8,0.05,0.01,2E+016,1000,800
2018-02-18,19:46:13.047972,5500,2800,1996996.07392889,0.025,0.025,0.16,0.8,0.05,0.01,2E+016,1000,800
2018-02-18,19:46:45.896546,5750,2800,1798524.20401491,0.025,0.025,0.16,0.8,0.05,0.01,2E+016,1000,800
2018-02-18,19:47:18.999236,6000,2800,1999339.06403054,0.025,0.025,0.16,0.8,0.05,0.01,2E+016,1000,800
2018-02-18,19:48:03.323671,5000,2800,2577147.22513248,0.025,0.05,0.16,0.8,0.05,0.01,2E+016,1000,800
2018-02-18,19:48:40.995112,5250,2800,2143609.1748952,0.025,0.05,0.16,0.8,0.05,0.01,2E+016,1000,800
2018-02-18,19:49:11.614825,5500,2800,1483141.03118015,0.025,0.05,0.16,0.8,0.05,0.01,2E+016,1000,800
2018-02-18,19:49:39.540838,5750,2800,1056188.40921589,0.025,0.05,0.16,0.8,0.05,0.01,2E+016,1000,800
2018-02-18,19:50:08.578228,6000,2800,1473856.72007543,0.025,0.05,0.16,0.8,0.05,0.01,2E+016,1000,800
2018-02-18,19:50:51.710148,5000,2800,3012023.45612442,0.05,1E-05,0.16,0.8,0.05,0.01,2E+016,1000,800
2018-02-18,19:51:38.852886,5250,2800,2758895.01158993,0.05,1E-05,0.16,0.8,0.05,0.01,2E+016,1000,800
2018-02-18,19:52:15.413310,5500,2800,2459415.34315633,0.05,1E-05,0.16,0.8,0.05,0.01,2E+016,1000,800
2018-02-18,19:52:46.740735,5750,2800,2094063.43280661,0.05,1E-05,0.16,0.8,0.05,0.01,2E+016,1000,800
2018-02-18,19:53:26.057636,6000,2800,1723478.16795159,0.05,1E-05,0.16,0.8,0.05,0.01,2E+016,1000,800
2018-02-18,19:54:13.268372,5000,2800,2925759.21827561,0.05,0.01,0.16,0.8,0.05,0.01,2E+016,1000,800
2018-02-18,19:54:58.979088,5250,2800,2674054.38439964,0.05,0.01,0.16,0.8,0.05,0.01,2E+016,1000,800
2018-02-18,19:55:40.077817,5500,2800,2368803.22499357,0.05,0.01,0.16,0.8,0.05,0.01,2E+016,1000,800
2018-02-18,19:56:17.765568,5750,2800,1964366.12896438,0.05,0.01,0.16,0.8,0.05,0.01,2E+016,1000,800
2018-02-18,19:56:46.639498,6000,2800,1465338.39119753,0.05,0.01,0.16,0.8,0.05,0.01,2E+016,1000,800
2018-02-18,19:57:30.150284,5000,2800,2759584.05480275,0.05,0.025,0.16,0.8,0.05,0.01,2E+016,1000,800
2018-02-18,19:58:10.570228,5250,2800,2474183.95429304,0.05,0.025,0.16,0.8,0.05,0.01,2E+016,1000,800
2018-02-18,19:58:55.344747,5500,2800,2156521.51725712,0.05,0.025,0.16,0.8,0.05,0.01,2E+016,1000,800
2018-02-18,19:59:28.793360,5750,2800,1536087.52814963,0.05,0.025,0.16,0.8,0.05,0.01,2E+016,1000,800
2018-02-18,19:59:51.479926,6000,2800,0,0.05,0.025,0.16,0.8,0.05,0.01,2E+016,1000,800
2018-02-18,20:00:42.837869,5000,2800,2574453.50628817,0.05,0.05,0.16,0.8,0.05,0.01,2E+016,1000,800
2018-02-18,20:01:14.350441,5250,2800,0,0.05,0.05,0.16,0.8,0.05,0.01,2E+016,1000,800
2018-02-18,20:01:55.596273,5500,2800,1702805.74210931,0.05,0.05,0.16,0.8,0.05,0.01,2E+016,1000,800
2018-02-18,20:02:29.741396,5750,2800,544220.596116118,0.05,0.05,0.16,0.8,0.05,0.01,2E+016,1000,800
2018-02-18,20:02:49.607572,6000,2800,0,0.05,0.05,0.16,0.8,0.05,0.01,2E+016,1000,800
2018-02-18,20:03:29.126397,5000,2800,2533829.22443794,1E-05,1E-05,0.16,0.8,0.05,0.01,2E+017,1000,800
2018-02-18,20:04:03.508053,5250,2800,2300912.74533764,1E-05,1E-05,0.16,0.8,0.05,0.01,2E+017,1000,800
2018-02-18,20:04:39.354479,5500,2800,2063320.11890705,1E-05,1E-05,0.16,0.8,0.05,0.01,2E+017,1000,800
2018-02-18,20:05:15.953758,5750,2800,1810887.40395735,1E-05,1E-05,0.16,0.8,0.05,0.01,2E+017,1000,800
2018-02-18,20:05:51.734548,6000,2800,1525978.21373946,1E-05,1E-05,0.16,0.8,0.05,0.01,2E+017,1000,800
2018-02-18,20:06:47.480161,5000,2800,2262584.79704087,1E-05,0.01,0.16,0.8,0.05,0.01,2E+017,1000,800
2018-02-18,20:07:41.747599,5250,2800,1975467.35032406,1E-05,0.01,0.16,0.8,0.05,0.01,2E+017,1000,800
2018-02-18,20:08:25.144070,5500,2800,1678547.19911607,1E-05,0.01,0.16,0.8,0.05,0.01,2E+017,1000,800
2018-02-18,20:09:12.060222,5750,2800,1352465.63355236,1E-05,0.01,0.16,0.8,0.05,0.01,2E+017,1000,800
2018-02-18,20:09:48.198330,6000,2800,924884.453769527,1E-05,0.01,0.16,0.8,0.05,0.01,2E+017,1000,800
2018-02-18,20:10:47.174682,5000,2800,2024996.32388327,1E-05,0.025,0.16,0.8,0.05,0.01,2E+017,1000,800
2018-02-18,20:11:31.284026,5250,2800,1645675.85714991,1E-05,0.025,0.16,0.8,0.05,0.01,2E+017,1000,800
2018-02-18,20:12:25.054263,5500,2800,1252453.65843825,1E-05,0.025,0.16,0.8,0.05,0.01,2E+017,1000,800
2018-02-18,20:13:19.598112,5750,2800,705482.577578799,1E-05,0.025,0.16,0.8,0.05,0.01,2E+017,1000,800
2018-02-18,20:14:05.114230,6000,2800,0,1E-05,0.025,0.16,0.8,0.05,0.01,2E+017,1000,800
2018-02-18,20:14:50.597303,5000,2800,1828237.7487363,1E-05,0.05,0.16,0.8,0.05,0.01,2E+017,1000,800
2018-02-18,20:15:44.628524,5250,2800,1273491.75732799,1E-05,0.05,0.16,0.8,0.05,0.01,2E+017,1000,800
2018-02-18,20:16:35.701953,5500,2800,406901.735133424,1E-05,0.05,0.16,0.8,0.05,0.01,2E+017,1000,800
2018-02-18,20:17:25.473551,5750,2800,0,1E-05,0.05,0.16,0.8,0.05,0.01,2E+017,1000,800
2018-02-18,20:18:11.775967,6000,2800,0,1E-05,0.05,0.16,0.8,0.05,0.01,2E+017,1000,800
2018-02-18,20:18:44.622424,5000,2800,2296493.42883887,0.01,1E-05,0.16,0.8,0.05,0.01,2E+017,1000,800
2018-02-18,20:19:44.109887,5250,2800,2226028.47882662,0.01,1E-05,0.16,0.8,0.05,0.01,2E+017,1000,800
2018-02-18,20:20:31.861494,5500,2800,1934740.56381715,0.01,1E-05,0.16,0.8,0.05,0.01,2E+017,1000,800
2018-02-18,20:21:04.397128,5750,2800,1608617.04956632,0.01,1E-05,0.16,0.8,0.05,0.01,2E+017,1000,800
2018-02-18,20:21:35.804923,6000,2800,1222895.73503777,0.01,1E-05,0.16,0.8,0.05,0.01,2E+017,1000,800
2018-02-18,20:22:07.768527,5000,2800,2083492.37613698,0.01,0.01,0.16,0.8,0.05,0.01,2E+017,1000,800
2018-02-18,20:22:38.322098,5250,2800,1634799.4574968,0.01,0.01,0.16,0.8,0.05,0.01,2E+017,1000,800
2018-02-18,20:23:08.359914,5500,2800,1325021.50253565,0.01,0.01,0.16,0.8,0.05,0.01,2E+017,1000,800
2018-02-18,20:23:34.054069,5750,2800,962601.35925523,0.01,0.01,0.16,0.8,0.05,0.01,2E+017,1000,800
2018-02-18,20:23:58.121394,6000,2800,0,0.01,0.01,0.16,0.8,0.05,0.01,2E+017,1000,800
2018-02-18,20:24:33.433112,5000,2800,1822776.49868626,0.01,0.025,0.16,0.8,0.05,0.01,2E+017,1000,800
2018-02-18,20:25:02.686434,5250,2800,995674.387636477,0.01,0.025,0.16,0.8,0.05,0.01,2E+017,1000,800
2018-02-18,20:25:25.341319,5500,2800,0,0.01,0.025,0.16,0.8,0.05,0.01,2E+017,1000,800
2018-02-18,20:25:47.334027,5750,2800,0,0.01,0.025,0.16,0.8,0.05,0.01,2E+017,1000,800
2018-02-18,20:26:08.485820,6000,2800,0,0.01,0.025,0.16,0.8,0.05,0.01,2E+017,1000,800
2018-02-18,20:26:47.873412,5000,2800,1614245.42778775,0.01,0.05,0.16,0.8,0.05,0.01,2E+017,1000,800
2018-02-18,20:27:11.435440,5250,2800,0,0.01,0.05,0.16,0.8,0.05,0.01,2E+017,1000,800
2018-02-18,20:27:37.517650,5500,2800,0,0.01,0.05,0.16,0.8,0.05,0.01,2E+017,1000,800
2018-02-18,20:28:00.231715,5750,2800,0,0.01,0.05,0.16,0.8,0.05,0.01,2E+017,1000,800
2018-02-18,20:28:24.442442,6000,2800,0,0.01,0.05,0.16,0.8,0.05,0.01,2E+017,1000,800
2018-02-18,20:29:03.919311,5000,2800,2259329.50271867,0.025,1E-05,0.16,0.8,0.05,0.01,2E+017,1000,800
2018-02-18,20:29:34.743089,5250,2800,1831839.79671701,0.025,1E-05,0.16,0.8,0.05,0.01,2E+017,1000,800
2018-02-18,20:30:06.857953,5500,2800,1267720.98104348,0.025,1E-05,0.16,0.8,0.05,0.01,2E+017,1000,800
2018-02-18,20:30:57.043631,5750,2800,1529432.12749098,0.025,1E-05,0.16,0.8,0.05,0.01,2E+017,1000,800
2018-02-18,20:31:33.109376,6000,2800,978898.676854613,0.025,1E-05,0.16,0.8,0.05,0.01,2E+017,1000,800
2018-02-18,20:32:09.994866,5000,2800,2095206.10681096,0.025,0.01,0.16,0.8,0.05,0.01,2E+017,1000,800
2018-02-18,20:32:43.386754,5250,2800,1555669.62819739,0.025,0.01,0.16,0.8,0.05,0.01,2E+017,1000,800
2018-02-18,20:33:09.415458,5500,2800,406618.884894765,0.025,0.01,0.16,0.8,0.05,0.01,2E+017,1000,800
2018-02-18,20:33:34.980729,5750,2800,0,0.025,0.01,0.16,0.8,0.05,0.01,2E+017,1000,800
2018-02-18,20:33:57.993311,6000,2800,0,0.025,0.01,0.16,0.8,0.05,0.01,2E+017,1000,800
2018-02-18,20:34:37.124520,5000,2800,1874896.47256336,0.025,0.025,0.16,0.8,0.05,0.01,2E+017,1000,800
2018-02-18,20:35:14.293672,5250,2800,1095362.32295164,0.025,0.025,0.16,0.8,0.05,0.01,2E+017,1000,800
2018-02-18,20:35:35.574337,5500,2800,0,0.025,0.025,0.16,0.8,0.05,0.01,2E+017,1000,800
2018-02-18,20:35:55.741661,5750,2800,0,0.025,0.025,0.16,0.8,0.05,0.01,2E+017,1000,800
2018-02-18,20:36:18.016495,6000,2800,0,0.025,0.025,0.16,0.8,0.05,0.01,2E+017,1000,800
2018-02-18,20:37:02.453409,5000,2800,1600694.9047607,0.025,0.05,0.16,0.8,0.05,0.01,2E+017,1000,800
2018-02-18,20:37:29.688820,5250,2800,0,0.025,0.05,0.16,0.8,0.05,0.01,2E+017,1000,800
2018-02-18,20:37:54.467223,5500,2800,0,0.025,0.05,0.16,0.8,0.05,0.01,2E+017,1000,800
2018-02-18,20:38:15.137243,5750,2800,0,0.025,0.05,0.16,0.8,0.05,0.01,2E+017,1000,800
2018-02-18,20:38:35.868031,6000,2800,0,0.025,0.05,0.16,0.8,0.05,0.01,2E+017,1000,800
2018-02-18,20:39:15.136225,5000,2800,2241118.92540375,0.05,1E-05,0.16,0.8,0.05,0.01,2E+017,1000,800
2018-02-18,20:39:58.956083,5250,2800,1791122.31676835,0.05,1E-05,0.16,0.8,0.05,0.01,2E+017,1000,800
2018-02-18,20:40:35.087178,5500,2800,1065775.88650516,0.05,1E-05,0.16,0.8,0.05,0.01,2E+017,1000,800
2018-02-18,20:40:55.931304,5750,2800,0,0.05,1E-05,0.16,0.8,0.05,0.01,2E+017,1000,800
2018-02-18,20:41:24.724216,6000,2800,0,0.05,1E-05,0.16,0.8,0.05,0.01,2E+017,1000,800
2018-02-18,20:42:05.708850,5000,2800,2085482.76510744,0.05,0.01,0.16,0.8,0.05,0.01,2E+017,1000,800
2018-02-18,20:42:47.149343,5250,2800,1559937.53846536,0.05,0.01,0.16,0.8,0.05,0.01,2E+017,1000,800
2018-02-18,20:43:17.440293,5500,2800,0,0.05,0.01,0.16,0.8,0.05,0.01,2E+017,1000,800
2018-02-18,20:43:42.056991,5750,2800,0,0.05,0.01,0.16,0.8,0.05,0.01,2E+017,1000,800
2018-02-18,20:44:03.548922,6000,2800,0,0.05,0.01,0.16,0.8,0.05,0.01,2E+017,1000,800
2018-02-18,20:44:45.845972,5000,2800,1874173.62026734,0.05,0.025,0.16,0.8,0.05,0.01,2E+017,1000,800
2018-02-18,20:45:21.052293,5250,2800,1179465.06644635,0.05,0.025,0.16,0.8,0.05,0.01,2E+017,1000,800
2018-02-18,20:45:52.440385,5500,2800,0,0.05,0.025,0.16,0.8,0.05,0.01,2E+017,1000,800
2018-02-18,20:46:17.096775,5750,2800,0,0.05,0.025,0.16,0.8,0.05,0.01,2E+017,1000,800
2018-02-18,20:46:37.699403,6000,2800,0,0.05,0.025,0.16,0.8,0.05,0.01,2E+017,1000,800
2018-02-18,20:47:23.152660,5000,2800,1590247.45152171,0.05,0.05,0.16,0.8,0.05,0.01,2E+017,1000,800
2018-02-18,20:48:04.317027,5250,2800,0,0.05,0.05,0.16,0.8,0.05,0.01,2E+017,1000,800
2018-02-18,20:48:32.993750,5500,2800,0,0.05,0.05,0.16,0.8,0.05,0.01,2E+017,1000,800
2018-02-18,20:48:54.332986,5750,2800,0,0.05,0.05,0.16,0.8,0.05,0.01,2E+017,1000,800
2018-02-18,20:49:10.527200,6000,2800,0,0.05,0.05,0.16,0.8,0.05,0.01,2E+017,1000,800
2018-02-18,22:35:59.334616,5000,2800,3480000,1E-05,1E-05,0.16,0.8,0.05,0.01,2000000000000000,30,800
2018-02-18,22:36:42.262642,5250,2800,3438202.2209718,1E-05,1E-05,0.16,0.8,0.05,0.01,2000000000000000,30,800
2018-02-18,22:37:16.991342,5500,2800,3351471.47039073,1E-05,1E-05,0.16,0.8,0.05,0.01,2000000000000000,30,800
2018-02-18,22:38:01.524853,5750,2800,3264309.01493359,1E-05,1E-05,0.16,0.8,0.05,0.01,2000000000000000,30,800
2018-02-18,22:38:38.003811,6000,2800,3180524.44946167,1E-05,1E-05,0.16,0.8,0.05,0.01,2000000000000000,30,800
2018-02-18,22:39:28.880636,5000,2800,3480000,1E-05,0.01,0.16,0.8,0.05,0.01,2000000000000000,30,800
2018-02-18,22:40:14.364484,5250,2800,3410120.07486277,1E-05,0.01,0.16,0.8,0.05,0.01,2000000000000000,30,800
2018-02-18,22:41:01.571715,5500,2800,3297555.59780273,1E-05,0.01,0.16,0.8,0.05,0.01,2000000000000000,30,800
2018-02-18,22:41:44.127186,5750,2800,3196935.87634163,1E-05,0.01,0.16,0.8,0.05,0.01,2000000000000000,30,800
2018-02-18,22:42:26.493315,6000,2800,3116179.20960435,1E-05,0.01,0.16,0.8,0.05,0.01,2000000000000000,30,800
2018-02-18,22:43:14.375676,5000,2800,3474762.88537206,1E-05,0.025,0.16,0.8,0.05,0.01,2000000000000000,30,800
2018-02-18,22:44:01.522120,5250,2800,3359675.76207905,1E-05,0.025,0.16,0.8,0.05,0.01,2000000000000000,30,800
2018-02-18,22:44:48.525636,5500,2800,3232648.13148003,1E-05,0.025,0.16,0.8,0.05,0.01,2000000000000000,30,800
2018-02-18,22:45:33.272617,5750,2800,3103570.49904229,1E-05,0.025,0.16,0.8,0.05,0.01,2000000000000000,30,800
2018-02-18,22:46:16.076129,6000,2800,2979739.81895365,1E-05,0.025,0.16,0.8,0.05,0.01,2000000000000000,30,800
2018-02-18,22:46:53.418056,5000,2800,3380984.50669618,1E-05,0.05,0.16,0.8,0.05,0.01,2000000000000000,30,800
2018-02-18,22:47:32.637939,5250,2800,3252115.29454412,1E-05,0.05,0.16,0.8,0.05,0.01,2000000000000000,30,800
2018-02-18,22:48:14.278106,5500,2800,3127439.03366034,1E-05,0.05,0.16,0.8,0.05,0.01,2000000000000000,30,800
2018-02-18,22:49:01.473143,5750,2800,3004782.73812034,1E-05,0.05,0.16,0.8,0.05,0.01,2000000000000000,30,800
2018-02-18,22:49:47.693446,6000,2800,2881143.85049622,1E-05,0.05,0.16,0.8,0.05,0.01,2000000000000000,30,800
2018-02-18,22:50:13.168039,5000,2800,3469401.97031652,0.01,1E-05,0.16,0.8,0.05,0.01,2000000000000000,30,800
2018-02-18,22:50:55.797642,5250,2800,3429835.99996213,0.01,1E-05,0.16,0.8,0.05,0.01,2000000000000000,30,800
2018-02-18,22:51:22.750417,5500,2800,3296410.30346866,0.01,1E-05,0.16,0.8,0.05,0.01,2000000000000000,30,800
2018-02-18,22:51:50.388628,5750,2800,3178167.05536886,0.01,1E-05,0.16,0.8,0.05,0.01,2000000000000000,30,800
2018-02-18,22:52:17.569874,6000,2800,3077657.06365101,0.01,1E-05,0.16,0.8,0.05,0.01,2000000000000000,30,800
2018-02-18,22:52:57.819723,5000,2800,3386548.0150608,0.01,0.01,0.16,0.8,0.05,0.01,2000000000000000,30,800
2018-02-18,22:54:12.049314,5250,2800,3419554.22660227,0.01,0.01,0.16,0.8,0.05,0.01,2000000000000000,30,800
2018-02-18,22:55:19.491639,5500,2800,3450746.61878477,0.01,0.01,0.16,0.8,0.05,0.01,2000000000000000,30,800
2018-02-18,22:56:11.713903,5750,2800,3437538.9422118,0.01,0.01,0.16,0.8,0.05,0.01,2000000000000000,30,800
2018-02-18,22:56:57.877746,6000,2800,3400833.54850603,0.01,0.01,0.16,0.8,0.05,0.01,2000000000000000,30,800
2018-02-18,22:57:40.285879,5000,2800,3310823.4384179,0.01,0.025,0.16,0.8,0.05,0.01,2000000000000000,30,800
2018-02-18,22:59:04.407742,5250,2800,3322417.25017312,0.01,0.025,0.16,0.8,0.05,0.01,2000000000000000,30,800
2018-02-18,23:00:25.587044,5500,2800,3403449.16286487,0.01,0.025,0.16,0.8,0.05,0.01,2000000000000000,30,800
2018-02-18,23:01:33.490484,5750,2800,3440899.40005043,0.01,0.025,0.16,0.8,0.05,0.01,2000000000000000,30,800
2018-02-18,23:02:24.249832,6000,2800,3449883.47139348,0.01,0.025,0.16,0.8,0.05,0.01,2000000000000000,30,800
2018-02-18,23:03:45.473584,5000,2800,3245202.05700442,0.01,0.05,0.16,0.8,0.05,0.01,2000000000000000,30,800
2018-02-18,23:05:34.261912,5250,2800,3153476.10685787,0.01,0.05,0.16,0.8,0.05,0.01,2000000000000000,30,800
2018-02-18,23:07:09.513068,5500,2800,3253466.30991269,0.01,0.05,0.16,0.8,0.05,0.01,2000000000000000,30,800
2018-02-18,23:08:20.052341,5750,2800,3351005.14827957,0.01,0.05,0.16,0.8,0.05,0.01,2000000000000000,30,800
2018-02-18,23:09:22.125685,6000,2800,3407769.7803694,0.01,0.05,0.16,0.8,0.05,0.01,2000000000000000,30,800
2018-02-18,23:09:57.422164,5000,2800,3480000,0.025,1E-05,0.16,0.8,0.05,0.01,2000000000000000,30,800
2018-02-18,23:10:22.508359,5250,2800,3357038.85002553,0.025,1E-05,0.16,0.8,0.05,0.01,2000000000000000,30,800
2018-02-18,23:10:51.202972,5500,2800,3230190.66186949,0.025,1E-05,0.16,0.8,0.05,0.01,2000000000000000,30,800
2018-02-18,23:11:21.651170,5750,2800,3178659.06842394,0.025,1E-05,0.16,0.8,0.05,0.01,2000000000000000,30,800
2018-02-18,23:11:49.382192,6000,2800,3021631.17638326,0.025,1E-05,0.16,0.8,0.05,0.01,2000000000000000,30,800
2018-02-18,23:12:30.965488,5000,2800,3398962.26917542,0.025,0.01,0.16,0.8,0.05,0.01,2000000000000000,30,800
2018-02-18,23:13:09.684284,5250,2800,3241177.00114163,0.025,0.01,0.16,0.8,0.05,0.01,2000000000000000,30,800
2018-02-18,23:13:51.751247,5500,2800,3118075.11002087,0.025,0.01,0.16,0.8,0.05,0.01,2000000000000000,30,800
2018-02-18,23:15:27.580472,5750,2800,3424131.01602248,0.025,0.01,0.16,0.8,0.05,0.01,2000000000000000,30,800
2018-02-18,23:16:22.442458,6000,2800,3427080.33923073,0.025,0.01,0.16,0.8,0.05,0.01,2000000000000000,30,800
2018-02-18,23:17:04.576735,5000,2800,3299343.64515146,0.025,0.025,0.16,0.8,0.05,0.01,2000000000000000,30,800
2018-02-18,23:17:41.376389,5250,2800,3107493.88056224,0.025,0.025,0.16,0.8,0.05,0.01,2000000000000000,30,800
2018-02-18,23:18:22.412254,5500,2800,2984561.04861892,0.025,0.025,0.16,0.8,0.05,0.01,2000000000000000,30,800
2018-02-18,23:20:08.017830,5750,2800,3364754.54748089,0.025,0.025,0.16,0.8,0.05,0.01,2000000000000000,30,800
2018-02-18,23:21:17.178366,6000,2800,3467661.72114929,0.025,0.025,0.16,0.8,0.05,0.01,2000000000000000,30,800
2018-02-18,23:22:13.939558,5000,2800,3217211.01359527,0.025,0.05,0.16,0.8,0.05,0.01,2000000000000000,30,800
2018-02-18,23:23:00.945350,5250,2800,2978121.92859223,0.025,0.05,0.16,0.8,0.05,0.01,2000000000000000,30,800
2018-02-18,23:23:52.697565,5500,2800,2830517.34171896,0.025,0.05,0.16,0.8,0.05,0.01,2000000000000000,30,800
2018-02-18,23:26:09.506404,5750,2800,3212147.6935359,0.025,0.05,0.16,0.8,0.05,0.01,2000000000000000,30,800
2018-02-18,23:27:23.309146,6000,2800,3403708.45797881,0.025,0.05,0.16,0.8,0.05,0.01,2000000000000000,30,800
2018-02-18,23:27:59.213624,5000,2800,3480000,0.05,1E-05,0.16,0.8,0.05,0.01,2000000000000000,30,800
2018-02-18,23:28:28.552054,5250,2800,3374786.60846536,0.05,1E-05,0.16,0.8,0.05,0.01,2000000000000000,30,800
2018-02-18,23:28:58.330899,5500,2800,3198118.49083786,0.05,1E-05,0.16,0.8,0.05,0.01,2000000000000000,30,800
2018-02-18,23:29:25.908503,5750,2800,3015661.72132165,0.05,1E-05,0.16,0.8,0.05,0.01,2000000000000000,30,800
2018-02-18,23:29:59.766427,6000,2800,2895150.69937673,0.05,1E-05,0.16,0.8,0.05,0.01,2000000000000000,30,800
2018-02-18,23:30:43.988696,5000,2800,3435309.99080233,0.05,0.01,0.16,0.8,0.05,0.01,2000000000000000,30,800
2018-02-18,23:31:25.544200,5250,2800,3261458.91636403,0.05,0.01,0.16,0.8,0.05,0.01,2000000000000000,30,800
2018-02-18,23:32:05.226684,5500,2800,3068672.36531138,0.05,0.01,0.16,0.8,0.05,0.01,2000000000000000,30,800
2018-02-18,23:32:39.940379,5750,2800,2858216.82261229,0.05,0.01,0.16,0.8,0.05,0.01,2000000000000000,30,800
2018-02-18,23:33:25.142020,6000,2800,2846343.40639399,0.05,0.01,0.16,0.8,0.05,0.01,2000000000000000,30,800
2018-02-18,23:34:09.498697,5000,2800,3324827.87580594,0.05,0.025,0.16,0.8,0.05,0.01,2000000000000000,30,800
2018-02-18,23:34:57.834116,5250,2800,3123938.24265813,0.05,0.025,0.16,0.8,0.05,0.01,2000000000000000,30,800
2018-02-18,23:35:44.744703,5500,2800,2925662.07549535,0.05,0.025,0.16,0.8,0.05,0.01,2000000000000000,30,800
2018-02-18,23:36:23.499050,5750,2800,2669674.35617113,0.05,0.025,0.16,0.8,0.05,0.01,2000000000000000,30,800
2018-02-18,23:37:11.567372,6000,2800,2753704.27645025,0.05,0.025,0.16,0.8,0.05,0.01,2000000000000000,30,800
2018-02-18,23:38:15.798731,5000,2800,3230805.21032194,0.05,0.05,0.16,0.8,0.05,0.01,2000000000000000,30,800
2018-02-18,23:39:09.758011,5250,2800,2997023.50872492,0.05,0.05,0.16,0.8,0.05,0.01,2000000000000000,30,800
2018-02-18,23:40:03.201570,5500,2800,2741905.81813864,0.05,0.05,0.16,0.8,0.05,0.01,2000000000000000,30,800
2018-02-18,23:40:59.333851,5750,2800,2488380.69450081,0.05,0.05,0.16,0.8,0.05,0.01,2000000000000000,30,800
2018-02-18,23:42:02.097611,6000,2800,2650948.43291909,0.05,0.05,0.16,0.8,0.05,0.01,2000000000000000,30,800
2018-02-18,23:42:33.728384,5000,2800,2670432.31075969,1E-05,1E-05,0.16,0.8,0.05,0.01,2E+016,30,800
2018-02-18,23:43:14.811119,5250,2800,2447153.67782991,1E-05,1E-05,0.16,0.8,0.05,0.01,2E+016,30,800
2018-02-18,23:43:55.681337,5500,2800,2215372.59790912,1E-05,1E-05,0.16,0.8,0.05,0.01,2E+016,30,800
2018-02-18,23:44:26.571472,5750,2800,1973977.30225694,1E-05,1E-05,0.16,0.8,0.05,0.01,2E+016,30,800
2018-02-18,23:44:59.574973,6000,2800,1717470.35660492,1E-05,1E-05,0.16,0.8,0.05,0.01,2E+016,30,800
2018-02-18,23:45:45.234055,5000,2800,2678544.4669668,1E-05,0.01,0.16,0.8,0.05,0.01,2E+016,30,800
2018-02-18,23:46:26.560115,5250,2800,2435652.02777859,1E-05,0.01,0.16,0.8,0.05,0.01,2E+016,30,800
2018-02-18,23:47:09.697254,5500,2800,2172991.08994063,1E-05,0.01,0.16,0.8,0.05,0.01,2E+016,30,800
2018-02-18,23:47:50.087860,5750,2800,1894641.97158087,1E-05,0.01,0.16,0.8,0.05,0.01,2E+016,30,800
2018-02-18,23:48:29.487894,6000,2800,1600348.55307279,1E-05,0.01,0.16,0.8,0.05,0.01,2E+016,30,800
2018-02-18,23:49:10.620931,5000,2800,2651183.89142754,1E-05,0.025,0.16,0.8,0.05,0.01,2E+016,30,800
2018-02-18,23:49:54.891213,5250,2800,2392763.01605809,1E-05,0.025,0.16,0.8,0.05,0.01,2E+016,30,800
2018-02-18,23:50:36.782521,5500,2800,2110975.50762499,1E-05,0.025,0.16,0.8,0.05,0.01,2E+016,30,800
2018-02-18,23:51:18.367677,5750,2800,1787765.23621245,1E-05,0.025,0.16,0.8,0.05,0.01,2E+016,30,800
2018-02-18,23:51:59.154402,6000,2800,1391438.11950132,1E-05,0.025,0.16,0.8,0.05,0.01,2E+016,30,800
2018-02-18,23:52:35.295736,5000,2800,2561322.8526155,1E-05,0.05,0.16,0.8,0.05,0.01,2E+016,30,800
2018-02-18,23:53:12.899967,5250,2800,2276482.98230125,1E-05,0.05,0.16,0.8,0.05,0.01,2E+016,30,800
2018-02-18,23:53:53.802566,5500,2800,1975636.49751861,1E-05,0.05,0.16,0.8,0.05,0.01,2E+016,30,800
2018-02-18,23:54:35.377666,5750,2800,1630764.77533904,1E-05,0.05,0.16,0.8,0.05,0.01,2E+016,30,800
2018-02-18,23:55:19.408634,6000,2800,1172056.01192889,1E-05,0.05,0.16,0.8,0.05,0.01,2E+016,30,800
2018-02-18,23:55:43.833582,5000,2800,2605723.87959465,0.01,1E-05,0.16,0.8,0.05,0.01,2E+016,30,800
2018-02-18,23:56:22.084844,5250,2800,2439608.78973204,0.01,1E-05,0.16,0.8,0.05,0.01,2E+016,30,800
2018-02-18,23:56:48.110340,5500,2800,2146826.81458676,0.01,1E-05,0.16,0.8,0.05,0.01,2E+016,30,800
2018-02-18,23:57:09.429057,5750,2800,1845832.91994431,0.01,1E-05,0.16,0.8,0.05,0.01,2E+016,30,800
2018-02-18,23:57:31.937617,6000,2800,1531133.5250183,0.01,1E-05,0.16,0.8,0.05,0.01,2E+016,30,800
2018-02-18,23:58:07.966812,5000,2800,2521628.1547416,0.01,0.01,0.16,0.8,0.05,0.01,2E+016,30,800
2018-02-18,23:58:52.145594,5250,2800,2300950.61096587,0.01,0.01,0.16,0.8,0.05,0.01,2E+016,30,800
2018-02-18,23:59:27.865305,5500,2800,2119947.10703368,0.01,0.01,0.16,0.8,0.05,0.01,2E+016,30,800
2018-02-18,23:59:58.056641,5750,2800,1940997.06891577,0.01,0.01,0.16,0.8,0.05,0.01,2E+016,30,800
2018-02-19,00:00:26.585859,6000,2800,1753663.23563191,0.01,0.01,0.16,0.8,0.05,0.01,2E+016,30,800
2018-02-19,00:00:59.647983,5000,2800,2453000.27227716,0.01,0.025,0.16,0.8,0.05,0.01,2E+016,30,800
2018-02-19,00:01:43.294446,5250,2800,2206835.59997005,0.01,0.025,0.16,0.8,0.05,0.01,2E+016,30,800
2018-02-19,00:02:19.972857,5500,2800,2019032.89034807,0.01,0.025,0.16,0.8,0.05,0.01,2E+016,30,800
2018-02-19,00:02:51.796081,5750,2800,1856723.79397637,0.01,0.025,0.16,0.8,0.05,0.01,2E+016,30,800
2018-02-19,00:03:26.226295,6000,2800,1679459.19850361,0.01,0.025,0.16,0.8,0.05,0.01,2E+016,30,800
2018-02-19,00:04:10.657295,5000,2800,2366170.67860733,0.01,0.05,0.16,0.8,0.05,0.01,2E+016,30,800
2018-02-19,00:04:48.767314,5250,2800,2007190.49068756,0.01,0.05,0.16,0.8,0.05,0.01,2E+016,30,800
2018-02-19,00:05:22.696036,5500,2800,1788655.76061164,0.01,0.05,0.16,0.8,0.05,0.01,2E+016,30,800
2018-02-19,00:05:56.784956,5750,2800,1650699.40407278,0.01,0.05,0.16,0.8,0.05,0.01,2E+016,30,800
2018-02-19,00:06:27.591537,6000,2800,1511856.75555348,0.01,0.05,0.16,0.8,0.05,0.01,2E+016,30,800
2018-02-19,00:06:55.758076,5000,2800,2631561.97432034,0.025,1E-05,0.16,0.8,0.05,0.01,2E+016,30,800
2018-02-19,00:07:19.497930,5250,2800,2342150.18808295,0.025,1E-05,0.16,0.8,0.05,0.01,2E+016,30,800
2018-02-19,00:07:41.778420,5500,2800,2032656.7081025,0.025,1E-05,0.16,0.8,0.05,0.01,2E+016,30,800
2018-02-19,00:08:08.623590,5750,2800,1850778.56348587,0.025,1E-05,0.16,0.8,0.05,0.01,2E+016,30,800
2018-02-19,00:08:36.809830,6000,2800,1410756.00866424,0.025,1E-05,0.16,0.8,0.05,0.01,2E+016,30,800
2018-02-19,00:09:16.627513,5000,2800,2543650.7456071,0.025,0.01,0.16,0.8,0.05,0.01,2E+016,30,800
2018-02-19,00:09:44.319190,5250,2800,2207013.61365358,0.025,0.01,0.16,0.8,0.05,0.01,2E+016,30,800
2018-02-19,00:10:17.885441,5500,2800,1875453.72220265,0.025,0.01,0.16,0.8,0.05,0.01,2E+016,30,800
2018-02-19,00:10:51.980881,5750,2800,1870209.31022915,0.025,0.01,0.16,0.8,0.05,0.01,2E+016,30,800
2018-02-19,00:11:25.291785,6000,2800,1729331.15109916,0.025,0.01,0.16,0.8,0.05,0.01,2E+016,30,800
2018-02-19,00:12:06.063143,5000,2800,2448045.69983445,0.025,0.025,0.16,0.8,0.05,0.01,2E+016,30,800
2018-02-19,00:12:38.774980,5250,2800,2053163.38730577,0.025,0.025,0.16,0.8,0.05,0.01,2E+016,30,800
2018-02-19,00:13:15.957698,5500,2800,1695712.61073005,0.025,0.025,0.16,0.8,0.05,0.01,2E+016,30,800
2018-02-19,00:14:00.555373,5750,2800,1770531.26563896,0.025,0.025,0.16,0.8,0.05,0.01,2E+016,30,800
2018-02-19,00:14:31.629541,6000,2800,1679249.21066065,0.025,0.025,0.16,0.8,0.05,0.01,2E+016,30,800
2018-02-19,00:15:13.056373,5000,2800,2366235.50796112,0.025,0.05,0.16,0.8,0.05,0.01,2E+016,30,800
2018-02-19,00:15:43.332593,5250,2800,1902564.51174458,0.025,0.05,0.16,0.8,0.05,0.01,2E+016,30,800
2018-02-19,00:16:19.190196,5500,2800,1477271.7028072,0.025,0.05,0.16,0.8,0.05,0.01,2E+016,30,800
2018-02-19,00:16:58.132940,5750,2800,1496228.34254701,0.025,0.05,0.16,0.8,0.05,0.01,2E+016,30,800
2018-02-19,00:17:29.795307,6000,2800,1483439.64290243,0.025,0.05,0.16,0.8,0.05,0.01,2E+016,30,800
2018-02-19,00:17:59.474757,5000,2800,2687482.88389104,0.05,1E-05,0.16,0.8,0.05,0.01,2E+016,30,800
2018-02-19,00:18:26.420664,5250,2800,2379587.38586494,0.05,1E-05,0.16,0.8,0.05,0.01,2E+016,30,800
2018-02-19,00:18:49.840300,5500,2800,2012980.96298287,0.05,1E-05,0.16,0.8,0.05,0.01,2E+016,30,800
2018-02-19,00:19:13.475124,5750,2800,1549104.37924232,0.05,1E-05,0.16,0.8,0.05,0.01,2E+016,30,800
2018-02-19,00:19:40.423909,6000,2800,1024009.65162989,0.05,1E-05,0.16,0.8,0.05,0.01,2E+016,30,800
2018-02-19,00:20:18.767130,5000,2800,2591256.80405269,0.05,0.01,0.16,0.8,0.05,0.01,2E+016,30,800
2018-02-19,00:20:52.719138,5250,2800,2248064.74424279,0.05,0.01,0.16,0.8,0.05,0.01,2E+016,30,800
2018-02-19,00:21:25.855547,5500,2800,1829831.99328491,0.05,0.01,0.16,0.8,0.05,0.01,2E+016,30,800
2018-02-19,00:21:51.759714,5750,2800,1227394.82229967,0.05,0.01,0.16,0.8,0.05,0.01,2E+016,30,800
2018-02-19,00:22:20.988521,6000,2800,790627.394263776,0.05,0.01,0.16,0.8,0.05,0.01,2E+016,30,800
2018-02-19,00:23:00.804504,5000,2800,2483411.06172745,0.05,0.025,0.16,0.8,0.05,0.01,2E+016,30,800
2018-02-19,00:23:37.574619,5250,2800,2088720.23189785,0.05,0.025,0.16,0.8,0.05,0.01,2E+016,30,800
2018-02-19,00:24:11.044595,5500,2800,1623002.33274728,0.05,0.025,0.16,0.8,0.05,0.01,2E+016,30,800
2018-02-19,00:24:36.349307,5750,2800,692421.729609083,0.05,0.025,0.16,0.8,0.05,0.01,2E+016,30,800
2018-02-19,00:25:10.026785,6000,2800,293767.134698019,0.05,0.025,0.16,0.8,0.05,0.01,2E+016,30,800
2018-02-19,00:25:57.911683,5000,2800,2386230.42532787,0.05,0.05,0.16,0.8,0.05,0.01,2E+016,30,800
2018-02-19,00:26:38.368466,5250,2800,1932345.21157789,0.05,0.05,0.16,0.8,0.05,0.01,2E+016,30,800
2018-02-19,00:27:13.886145,5500,2800,1296411.56535276,0.05,0.05,0.16,0.8,0.05,0.01,2E+016,30,800
2018-02-19,00:27:33.093726,5750,2800,0,0.05,0.05,0.16,0.8,0.05,0.01,2E+016,30,800
2018-02-19,00:27:59.321767,6000,2800,0,0.05,0.05,0.16,0.8,0.05,0.01,2E+016,30,800
2018-02-19,00:28:30.131179,5000,2800,1817197.31036854,1E-05,1E-05,0.16,0.8,0.05,0.01,2E+017,30,800
2018-02-19,00:28:57.644856,5250,2800,1267392.95761134,1E-05,1E-05,0.16,0.8,0.05,0.01,2E+017,30,800
2018-02-19,00:29:23.541113,5500,2800,0,1E-05,1E-05,0.16,0.8,0.05,0.01,2E+017,30,800
2018-02-19,00:29:56.303820,5750,2800,0,1E-05,1E-05,0.16,0.8,0.05,0.01,2E+017,30,800
2018-02-19,00:30:19.443004,6000,2800,0,1E-05,1E-05,0.16,0.8,0.05,0.01,2E+017,30,800
2018-02-19,00:30:54.942741,5000,2800,1829704.2746489,1E-05,0.01,0.16,0.8,0.05,0.01,2E+017,30,800
2018-02-19,00:31:31.977335,5250,2800,1278328.35069652,1E-05,0.01,0.16,0.8,0.05,0.01,2E+017,30,800
2018-02-19,00:32:04.259765,5500,2800,0,1E-05,0.01,0.16,0.8,0.05,0.01,2E+017,30,800
2018-02-19,00:32:36.171713,5750,2800,0,1E-05,0.01,0.16,0.8,0.05,0.01,2E+017,30,800
2018-02-19,00:33:10.298923,6000,2800,0,1E-05,0.01,0.16,0.8,0.05,0.01,2E+017,30,800
2018-02-19,00:33:52.696964,5000,2800,1820465.25474775,1E-05,0.025,0.16,0.8,0.05,0.01,2E+017,30,800
2018-02-19,00:34:27.633973,5250,2800,1227448.80716659,1E-05,0.025,0.16,0.8,0.05,0.01,2E+017,30,800
2018-02-19,00:35:03.083520,5500,2800,0,1E-05,0.025,0.16,0.8,0.05,0.01,2E+017,30,800
2018-02-19,00:35:36.052450,5750,2800,0,1E-05,0.025,0.16,0.8,0.05,0.01,2E+017,30,800
2018-02-19,00:36:09.785401,6000,2800,0,1E-05,0.025,0.16,0.8,0.05,0.01,2E+017,30,800
2018-02-19,00:36:43.248224,5000,2800,1722373.15789643,1E-05,0.05,0.16,0.8,0.05,0.01,2E+017,30,800
2018-02-19,00:37:18.462876,5250,2800,1016405.00784069,1E-05,0.05,0.16,0.8,0.05,0.01,2E+017,30,800
2018-02-19,00:37:51.029813,5500,2800,0,1E-05,0.05,0.16,0.8,0.05,0.01,2E+017,30,800
2018-02-19,00:38:25.833142,5750,2800,0,1E-05,0.05,0.16,0.8,0.05,0.01,2E+017,30,800
2018-02-19,00:38:58.374266,6000,2800,0,1E-05,0.05,0.16,0.8,0.05,0.01,2E+017,30,800
2018-02-19,00:39:21.287051,5000,2800,1711973.72800481,0.01,1E-05,0.16,0.8,0.05,0.01,2E+017,30,800
2018-02-19,00:40:00.984377,5250,2800,1253721.47281321,0.01,1E-05,0.16,0.8,0.05,0.01,2E+017,30,800
2018-02-19,00:40:19.093749,5500,2800,0,0.01,1E-05,0.16,0.8,0.05,0.01,2E+017,30,800
2018-02-19,00:40:35.936896,5750,2800,0,0.01,1E-05,0.16,0.8,0.05,0.01,2E+017,30,800
2018-02-19,00:40:50.746288,6000,2800,0,0.01,1E-05,0.16,0.8,0.05,0.01,2E+017,30,800
2018-02-19,00:41:19.609955,5000,2800,1599919.63595365,0.01,0.01,0.16,0.8,0.05,0.01,2E+017,30,800
2018-02-19,00:41:43.878228,5250,2800,201618.198713491,0.01,0.01,0.16,0.8,0.05,0.01,2E+017,30,800
2018-02-19,00:42:02.522512,5500,2800,0,0.01,0.01,0.16,0.8,0.05,0.01,2E+017,30,800
2018-02-19,00:42:21.468155,5750,2800,0,0.01,0.01,0.16,0.8,0.05,0.01,2E+017,30,800
2018-02-19,00:42:38.406169,6000,2800,0,0.01,0.01,0.16,0.8,0.05,0.01,2E+017,30,800
2018-02-19,00:43:10.800106,5000,2800,1514466.3051401,0.01,0.025,0.16,0.8,0.05,0.01,2E+017,30,800
2018-02-19,00:43:29.670843,5250,2800,0,0.01,0.025,0.16,0.8,0.05,0.01,2E+017,30,800
2018-02-19,00:43:47.171932,5500,2800,0,0.01,0.025,0.16,0.8,0.05,0.01,2E+017,30,800
2018-02-19,00:44:04.911566,5750,2800,0,0.01,0.025,0.16,0.8,0.05,0.01,2E+017,30,800
2018-02-19,00:44:21.635485,6000,2800,0,0.01,0.025,0.16,0.8,0.05,0.01,2E+017,30,800
2018-02-19,00:44:54.354452,5000,2800,1353050.92156874,0.01,0.05,0.16,0.8,0.05,0.01,2E+017,30,800
2018-02-19,00:45:12.304477,5250,2800,0,0.01,0.05,0.16,0.8,0.05,0.01,2E+017,30,800
2018-02-19,00:45:32.226097,5500,2800,0,0.01,0.05,0.16,0.8,0.05,0.01,2E+017,30,800
2018-02-19,00:45:50.064315,5750,2800,0,0.01,0.05,0.16,0.8,0.05,0.01,2E+017,30,800
2018-02-19,00:46:08.158173,6000,2800,0,0.01,0.05,0.16,0.8,0.05,0.01,2E+017,30,800
2018-02-19,00:46:35.314791,5000,2800,1756520.86019029,0.025,1E-05,0.16,0.8,0.05,0.01,2E+017,30,800
2018-02-19,00:46:59.096459,5250,2800,1009324.69881577,0.025,1E-05,0.16,0.8,0.05,0.01,2E+017,30,800
2018-02-19,00:47:17.455055,5500,2800,0,0.025,1E-05,0.16,0.8,0.05,0.01,2E+017,30,800
2018-02-19,00:47:38.218021,5750,2800,0,0.025,1E-05,0.16,0.8,0.05,0.01,2E+017,30,800
2018-02-19,00:47:56.533514,6000,2800,0,0.025,1E-05,0.16,0.8,0.05,0.01,2E+017,30,800
2018-02-19,00:48:26.005991,5000,2800,1646143.21174134,0.025,0.01,0.16,0.8,0.05,0.01,2E+017,30,800
2018-02-19,00:48:49.830981,5250,2800,649291.050884331,0.025,0.01,0.16,0.8,0.05,0.01,2E+017,30,800
2018-02-19,00:49:09.753471,5500,2800,0,0.025,0.01,0.16,0.8,0.05,0.01,2E+017,30,800
2018-02-19,00:49:28.233292,5750,2800,0,0.025,0.01,0.16,0.8,0.05,0.01,2E+017,30,800
2018-02-19,00:49:45.924309,6000,2800,0,0.025,0.01,0.16,0.8,0.05,0.01,2E+017,30,800
2018-02-19,00:50:20.009001,5000,2800,1533715.70220674,0.025,0.025,0.16,0.8,0.05,0.01,2E+017,30,800
2018-02-19,00:50:37.107768,5250,2800,0,0.025,0.025,0.16,0.8,0.05,0.01,2E+017,30,800
2018-02-19,00:50:57.138422,5500,2800,0,0.025,0.025,0.16,0.8,0.05,0.01,2E+017,30,800
2018-02-19,00:51:16.907446,5750,2800,0,0.025,0.025,0.16,0.8,0.05,0.01,2E+017,30,800
2018-02-19,00:51:33.785272,6000,2800,0,0.025,0.025,0.16,0.8,0.05,0.01,2E+017,30,800
2018-02-19,00:52:09.583840,5000,2800,1412365.76923484,0.025,0.05,0.16,0.8,0.05,0.01,2E+017,30,800
2018-02-19,00:52:28.545159,5250,2800,0,0.025,0.05,0.16,0.8,0.05,0.01,2E+017,30,800
2018-02-19,00:52:51.253680,5500,2800,0,0.025,0.05,0.16,0.8,0.05,0.01,2E+017,30,800
2018-02-19,00:53:11.004072,5750,2800,0,0.025,0.05,0.16,0.8,0.05,0.01,2E+017,30,800
2018-02-19,00:53:29.394830,6000,2800,0,0.025,0.05,0.16,0.8,0.05,0.01,2E+017,30,800
2018-02-19,00:53:57.756285,5000,2800,1837969.11654899,0.05,1E-05,0.16,0.8,0.05,0.01,2E+017,30,800
2018-02-19,00:54:21.667117,5250,2800,1127087.35649881,0.05,1E-05,0.16,0.8,0.05,0.01,2E+017,30,800
2018-02-19,00:54:38.462274,5500,2800,0,0.05,1E-05,0.16,0.8,0.05,0.01,2E+017,30,800
2018-02-19,00:54:53.831604,5750,2800,0,0.05,1E-05,0.16,0.8,0.05,0.01,2E+017,30,800
2018-02-19,00:55:16.028081,6000,2800,0,0.05,1E-05,0.16,0.8,0.05,0.01,2E+017,30,800
2018-02-19,00:55:52.067508,5000,2800,1718124.93984384,0.05,0.01,0.16,0.8,0.05,0.01,2E+017,30,800
2018-02-19,00:56:20.744914,5250,2800,828651.887360205,0.05,0.01,0.16,0.8,0.05,0.01,2E+017,30,800
2018-02-19,00:56:39.131945,5500,2800,0,0.05,0.01,0.16,0.8,0.05,0.01,2E+017,30,800
2018-02-19,00:56:56.215918,5750,2800,0,0.05,0.01,0.16,0.8,0.05,0.01,2E+017,30,800
2018-02-19,00:57:19.583246,6000,2800,0,0.05,0.01,0.16,0.8,0.05,0.01,2E+017,30,800
2018-02-19,00:57:54.743638,5000,2800,1591211.85350273,0.05,0.025,0.16,0.8,0.05,0.01,2E+017,30,800
2018-02-19,00:58:15.782352,5250,2800,0,0.05,0.025,0.16,0.8,0.05,0.01,2E+017,30,800
2018-02-19,00:58:36.879757,5500,2800,0,0.05,0.025,0.16,0.8,0.05,0.01,2E+017,30,800
2018-02-19,00:58:55.105512,5750,2800,0,0.05,0.025,0.16,0.8,0.05,0.01,2E+017,30,800
2018-02-19,00:59:18.785485,6000,2800,0,0.05,0.025,0.16,0.8,0.05,0.01,2E+017,30,800
2018-02-19,00:59:53.464185,5000,2800,1455910.09581157,0.05,0.05,0.16,0.8,0.05,0.01,2E+017,30,800
2018-02-19,01:00:15.435098,5250,2800,0,0.05,0.05,0.16,0.8,0.05,0.01,2E+017,30,800
2018-02-19,01:00:35.426545,5500,2800,0,0.05,0.05,0.16,0.8,0.05,0.01,2E+017,30,800
2018-02-19,01:00:52.973169,5750,2800,0,0.05,0.05,0.16,0.8,0.05,0.01,2E+017,30,800
2018-02-19,01:01:14.910197,6000,2800,0,0.05,0.05,0.16,0.8,0.05,0.01,2E+017,30,800
