date,time,T_cmb0,deltaT0,r_i,X_Mg_0,X_Si_0,X_O_0,fraction_MgFe_b,X_MgFeO_b,X_SiO2_b,nu_present,layer_thickness,overturn,ratio_ri
2018-02-28,22:51:31.848965,5000,2800,3480000,1E-05,1E-05,0.16,0.8,0.05,0.01,2000000000000000,100,800,2.85245901639344
2018-02-28,22:51:45.806426,5250,2800,3480000,1E-05,1E-05,0.16,0.8,0.05,0.01,2000000000000000,100,800,2.85245901639344
2018-02-28,22:51:57.946505,5500,2800,3480000,1E-05,1E-05,0.16,0.8,0.05,0.01,2000000000000000,100,800,2.85245901639344
2018-02-28,22:52:16.743228,5000,2800,3480000,1E-05,0.01,0.16,0.8,0.05,0.01,2000000000000000,100,800,2.85245901639344
2018-02-28,22:52:36.420914,5250,2800,3480000,1E-05,0.01,0.16,0.8,0.05,0.01,2000000000000000,100,800,2.85245901639344
2018-02-28,22:52:50.651479,5500,2800,3480000,1E-05,0.01,0.16,0.8,0.05,0.01,2000000000000000,100,800,2.85245901639344
2018-02-28,22:53:03.283513,5000,2800,3480000,1E-05,0.025,0.16,0.8,0.05,0.01,2000000000000000,100,800,2.85245901639344
2018-02-28,22:53:16.616409,5250,2800,3480000,1E-05,0.025,0.16,0.8,0.05,0.01,2000000000000000,100,800,2.85245901639344
2018-02-28,22:53:29.694454,5500,2800,3480000,1E-05,0.025,0.16,0.8,0.05,0.01,2000000000000000,100,800,2.85245901639344
2018-02-28,22:53:43.104692,5000,2800,3480000,1E-05,0.05,0.16,0.8,0.05,0.01,2000000000000000,100,800,2.85245901639344
2018-02-28,22:53:56.602864,5250,2800,3480000,1E-05,0.05,0.16,0.8,0.05,0.01,2000000000000000,100,800,2.85245901639344
2018-02-28,22:54:10.002331,5500,2800,3480000,1E-05,0.05,0.16,0.8,0.05,0.01,2000000000000000,100,800,2.85245901639344
2018-02-28,22:54:19.411972,5000,2800,3480000,0.01,1E-05,0.16,0.8,0.05,0.01,2000000000000000,100,800,2.85245901639344
2018-02-28,22:54:31.934038,5250,2800,3480000,0.01,1E-05,0.16,0.8,0.05,0.01,2000000000000000,100,800,2.85245901639344
2018-02-28,22:54:41.815076,5500,2800,3480000,0.01,1E-05,0.16,0.8,0.05,0.01,2000000000000000,100,800,2.85245901639344
2018-02-28,22:54:52.037358,5000,2800,3480000,0.01,0.01,0.16,0.8,0.05,0.01,2000000000000000,100,800,2.85245901639344
2018-02-28,22:55:04.144676,5250,2800,3480000,0.01,0.01,0.16,0.8,0.05,0.01,2000000000000000,100,800,2.85245901639344
2018-02-28,22:55:15.134336,5500,2800,3480000,0.01,0.01,0.16,0.8,0.05,0.01,2000000000000000,100,800,2.85245901639344
2018-02-28,22:55:27.379992,5000,2800,3480000,0.01,0.025,0.16,0.8,0.05,0.01,2000000000000000,100,800,2.85245901639344
2018-02-28,22:55:38.071645,5250,2800,3480000,0.01,0.025,0.16,0.8,0.05,0.01,2000000000000000,100,800,2.85245901639344
2018-02-28,22:55:50.149017,5500,2800,3480000,0.01,0.025,0.16,0.8,0.05,0.01,2000000000000000,100,800,2.85245901639344
2018-02-28,22:56:03.589116,5000,2800,3480000,0.01,0.05,0.16,0.8,0.05,0.01,2000000000000000,100,800,2.85245901639344
2018-02-28,22:56:16.570603,5250,2800,3480000,0.01,0.05,0.16,0.8,0.05,0.01,2000000000000000,100,800,2.85245901639344
2018-02-28,22:56:28.243165,5500,2800,3480000,0.01,0.05,0.16,0.8,0.05,0.01,2000000000000000,100,800,2.85245901639344
2018-02-28,22:56:38.290389,5000,2800,3480000,0.025,1E-05,0.16,0.8,0.05,0.01,2000000000000000,100,800,2.85245901639344
2018-02-28,22:56:48.395304,5250,2800,3480000,0.025,1E-05,0.16,0.8,0.05,0.01,2000000000000000,100,800,2.85245901639344
2018-02-28,22:56:56.437397,5500,2800,3471230.80677763,0.025,1E-05,0.16,0.8,0.05,0.01,2000000000000000,100,800,2.84527115309642
2018-02-28,22:57:08.653834,5000,2800,3480000,0.025,0.01,0.16,0.8,0.05,0.01,2000000000000000,100,800,2.85245901639344
2018-02-28,22:57:21.354355,5250,2800,3480000,0.025,0.01,0.16,0.8,0.05,0.01,2000000000000000,100,800,2.85245901639344
2018-02-28,22:57:29.864302,5500,2800,3379080.16730597,0.025,0.01,0.16,0.8,0.05,0.01,2000000000000000,100,800,2.76973784205407
2018-02-28,22:57:42.891198,5000,2800,3480000,0.025,0.025,0.16,0.8,0.05,0.01,2000000000000000,100,800,2.85245901639344
2018-02-28,22:57:53.821247,5250,2800,3471862.46566964,0.025,0.025,0.16,0.8,0.05,0.01,2000000000000000,100,800,2.84578890628659
2018-02-28,22:58:04.389308,5500,2800,3317890.2850607,0.025,0.025,0.16,0.8,0.05,0.01,2000000000000000,100,800,2.71958220086942
2018-02-28,22:58:20.148071,5000,2800,3480000,0.025,0.05,0.16,0.8,0.05,0.01,2000000000000000,100,800,2.85245901639344
2018-02-28,22:58:31.771325,5250,2800,3428988.59652974,0.025,0.05,0.16,0.8,0.05,0.01,2000000000000000,100,800,2.81064639059815
2018-02-28,22:58:42.473069,5500,2800,3291045.66435995,0.025,0.05,0.16,0.8,0.05,0.01,2000000000000000,100,800,2.69757841340979
2018-02-28,22:58:54.311644,5000,2800,3480000,0.05,1E-05,0.16,0.8,0.05,0.01,2000000000000000,100,800,2.85245901639344
2018-02-28,22:59:05.437519,5250,2800,3480000,0.05,1E-05,0.16,0.8,0.05,0.01,2000000000000000,100,800,2.85245901639344
2018-02-28,22:59:14.567965,5500,2800,3467523.28120988,0.05,1E-05,0.16,0.8,0.05,0.01,2000000000000000,100,800,2.84223219771301
2018-02-28,22:59:27.408077,5000,2800,3480000,0.05,0.01,0.16,0.8,0.05,0.01,2000000000000000,100,800,2.85245901639344
2018-02-28,22:59:40.676952,5250,2800,3480000,0.05,0.01,0.16,0.8,0.05,0.01,2000000000000000,100,800,2.85245901639344
2018-02-28,22:59:51.280805,5500,2800,3406880.56608229,0.05,0.01,0.16,0.8,0.05,0.01,2000000000000000,100,800,2.79252505416581
2018-02-28,23:00:04.205463,5000,2800,3480000,0.05,0.025,0.16,0.8,0.05,0.01,2000000000000000,100,800,2.85245901639344
2018-02-28,23:00:18.791147,5250,2800,3480000,0.05,0.025,0.16,0.8,0.05,0.01,2000000000000000,100,800,2.85245901639344
2018-02-28,23:00:30.731930,5500,2800,3315532.20702169,0.05,0.025,0.16,0.8,0.05,0.01,2000000000000000,100,800,2.71764935001778
2018-02-28,23:00:47.386033,5000,2800,3480000,0.05,0.05,0.16,0.8,0.05,0.01,2000000000000000,100,800,2.85245901639344
2018-02-28,23:01:00.921755,5250,2800,3418935.909621,0.05,0.05,0.16,0.8,0.05,0.01,2000000000000000,100,800,2.8024064832959
2018-02-28,23:01:12.599401,5500,2800,3207287.21859708,0.05,0.05,0.16,0.8,0.05,0.01,2000000000000000,100,800,2.62892394966974
2018-02-28,23:01:21.430115,5000,2800,3031627.8757548,1E-05,1E-05,0.16,0.8,0.05,0.01,2E+016,100,800,2.48494088176623
2018-02-28,23:01:30.171694,5250,2800,2875105.90243529,1E-05,1E-05,0.16,0.8,0.05,0.01,2E+016,100,800,2.356644182324
2018-02-28,23:01:38.550357,5500,2800,2712126.53790059,1E-05,1E-05,0.16,0.8,0.05,0.01,2E+016,100,800,2.22305453926278
2018-02-28,23:01:49.765459,5000,2800,2964596.28010833,1E-05,0.01,0.16,0.8,0.05,0.01,2E+016,100,800,2.42999695090846
2018-02-28,23:02:00.210102,5250,2800,2804096.20027978,1E-05,0.01,0.16,0.8,0.05,0.01,2E+016,100,800,2.29843950842605
2018-02-28,23:02:10.043476,5500,2800,2645294.52293741,1E-05,0.01,0.16,0.8,0.05,0.01,2E+016,100,800,2.16827419912902
2018-02-28,23:02:21.510601,5000,2800,2970239.15918545,1E-05,0.025,0.16,0.8,0.05,0.01,2E+016,100,800,2.43462226162742
2018-02-28,23:02:32.827673,5250,2800,2797473.88340234,1E-05,0.025,0.16,0.8,0.05,0.01,2E+016,100,800,2.29301137983799
2018-02-28,23:02:45.193571,5500,2800,2631859.11586015,1E-05,0.025,0.16,0.8,0.05,0.01,2E+016,100,800,2.15726157037717
2018-02-28,23:02:55.831474,5000,2800,2968777.26631136,1E-05,0.05,0.16,0.8,0.05,0.01,2E+016,100,800,2.4334239887798
2018-02-28,23:03:06.644737,5250,2800,2783403.07491578,1E-05,0.05,0.16,0.8,0.05,0.01,2E+016,100,800,2.28147793025883
2018-02-28,23:03:17.492695,5500,2800,2608124.06930303,1E-05,0.05,0.16,0.8,0.05,0.01,2E+016,100,800,2.13780661418281
2018-02-28,23:03:23.717613,5000,2800,2885461.2734627,0.01,1E-05,0.16,0.8,0.05,0.01,2E+016,100,800,2.36513219136287
2018-02-28,23:03:35.063085,5250,2800,2844474.99618782,0.01,1E-05,0.16,0.8,0.05,0.01,2E+016,100,800,2.33153688212117
2018-02-28,23:03:42.747439,5500,2800,2645124.73136119,0.01,1E-05,0.16,0.8,0.05,0.01,2E+016,100,800,2.16813502570589
2018-02-28,23:03:50.686083,5000,2800,2824160.45507331,0.01,0.01,0.16,0.8,0.05,0.01,2E+016,100,800,2.31488561891255
2018-02-28,23:03:59.817810,5250,2800,2677396.96259255,0.01,0.01,0.16,0.8,0.05,0.01,2E+016,100,800,2.19458767425619
2018-02-28,23:04:07.283952,5500,2800,2599522.67847683,0.01,0.01,0.16,0.8,0.05,0.01,2E+016,100,800,2.13075629383347
2018-02-28,23:04:16.211792,5000,2800,2838301.42054327,0.01,0.025,0.16,0.8,0.05,0.01,2E+016,100,800,2.3264765742158
2018-02-28,23:04:25.015242,5250,2800,2666785.93534891,0.01,0.025,0.16,0.8,0.05,0.01,2E+016,100,800,2.18589011094173
2018-02-28,23:04:32.800640,5500,2800,2569134.18501897,0.01,0.025,0.16,0.8,0.05,0.01,2E+016,100,800,2.1058476926385
2018-02-28,23:04:43.085367,5000,2800,2851882.90679512,0.01,0.05,0.16,0.8,0.05,0.01,2E+016,100,800,2.337608939996
2018-02-28,23:04:52.985866,5250,2800,2625795.70817241,0.01,0.05,0.16,0.8,0.05,0.01,2E+016,100,800,2.15229156407575
2018-02-28,23:05:01.097104,5500,2800,2516541.63410141,0.01,0.05,0.16,0.8,0.05,0.01,2E+016,100,800,2.06273904434542
2018-02-28,23:05:09.349757,5000,2800,2886916.78145783,0.025,1E-05,0.16,0.8,0.05,0.01,2E+016,100,800,2.36632523070314
2018-02-28,23:05:17.015284,5250,2800,2642360.98306784,0.025,1E-05,0.16,0.8,0.05,0.01,2E+016,100,800,2.16586965825233
2018-02-28,23:05:24.266451,5500,2800,2381788.0570117,0.025,1E-05,0.16,0.8,0.05,0.01,2E+016,100,800,1.95228529263254
2018-02-28,23:05:33.024032,5000,2800,2841685.45106851,0.025,0.01,0.16,0.8,0.05,0.01,2E+016,100,800,2.32925036972829
2018-02-28,23:05:42.546339,5250,2800,2568665.29836381,0.025,0.01,0.16,0.8,0.05,0.01,2E+016,100,800,2.1054633593146
2018-02-28,23:05:50.755708,5500,2800,2258964.06699527,0.025,0.01,0.16,0.8,0.05,0.01,2E+016,100,800,1.85160989097973
2018-02-28,23:06:02.441898,5000,2800,2821469.92145841,0.025,0.025,0.16,0.8,0.05,0.01,2E+016,100,800,2.3126802634905
2018-02-28,23:06:12.284180,5250,2800,2513537.05192658,0.025,0.025,0.16,0.8,0.05,0.01,2E+016,100,800,2.06027627207096
2018-02-28,23:06:20.969245,5500,2800,2187412.19859691,0.025,0.025,0.16,0.8,0.05,0.01,2E+016,100,800,1.79296081852206
2018-02-28,23:06:34.833090,5000,2800,2813175.49937077,0.025,0.05,0.16,0.8,0.05,0.01,2E+016,100,800,2.30588155686129
2018-02-28,23:06:45.577525,5250,2800,2469356.56859784,0.025,0.05,0.16,0.8,0.05,0.01,2E+016,100,800,2.02406276114577
2018-02-28,23:06:54.898274,5500,2800,2153158.86793739,0.025,0.05,0.16,0.8,0.05,0.01,2E+016,100,800,1.76488431798146
2018-02-28,23:07:03.377704,5000,2800,2914043.35949092,0.05,1E-05,0.16,0.8,0.05,0.01,2E+016,100,800,2.38856013073026
2018-02-28,23:07:11.623975,5250,2800,2668209.21746524,0.05,1E-05,0.16,0.8,0.05,0.01,2E+016,100,800,2.18705673562725
2018-02-28,23:07:19.898416,5500,2800,2376975.3442445,0.05,1E-05,0.16,0.8,0.05,0.01,2E+016,100,800,1.94834044610205
2018-02-28,23:07:30.338443,5000,2800,2871068.44028206,0.05,0.01,0.16,0.8,0.05,0.01,2E+016,100,800,2.35333478711644
2018-02-28,23:07:40.849457,5250,2800,2608243.93482652,0.05,0.01,0.16,0.8,0.05,0.01,2E+016,100,800,2.1379048646119
2018-02-28,23:07:51.777972,5500,2800,2293127.82524931,0.05,0.01,0.16,0.8,0.05,0.01,2E+016,100,800,1.87961297151583
2018-02-28,23:08:02.574583,5000,2800,2831119.94278829,0.05,0.025,0.16,0.8,0.05,0.01,2E+016,100,800,2.32059011703958
2018-02-28,23:08:14.155631,5250,2800,2533381.74426339,0.05,0.025,0.16,0.8,0.05,0.01,2E+016,100,800,2.07654241333065
2018-02-28,23:08:25.778211,5500,2800,2194870.52818293,0.05,0.025,0.16,0.8,0.05,0.01,2E+016,100,800,1.79907420342863
2018-02-28,23:08:38.027233,5000,2800,2790494.02016099,0.05,0.05,0.16,0.8,0.05,0.01,2E+016,100,800,2.28729018045982
2018-02-28,23:08:50.388277,5250,2800,2450886.40049562,0.05,0.05,0.16,0.8,0.05,0.01,2E+016,100,800,2.00892327909477
2018-02-28,23:09:02.006772,5500,2800,2059416.55970043,0.05,0.05,0.16,0.8,0.05,0.01,2E+016,100,800,1.68804636041019
2018-02-28,23:09:11.108393,5000,2800,2260579.77181527,1E-05,1E-05,0.16,0.8,0.05,0.01,2E+017,100,800,1.85293423919285
2018-02-28,23:09:21.356642,5250,2800,1943433.94400938,1E-05,1E-05,0.16,0.8,0.05,0.01,2E+017,100,800,1.59297864263064
2018-02-28,23:09:29.945747,5500,2800,1569898.00904956,1E-05,1E-05,0.16,0.8,0.05,0.01,2E+017,100,800,1.28680164676193
2018-02-28,23:09:40.509415,5000,2800,2177657.9298995,1E-05,0.01,0.16,0.8,0.05,0.01,2E+017,100,800,1.78496551631107
2018-02-28,23:09:51.080540,5250,2800,1837602.79211576,1E-05,0.01,0.16,0.8,0.05,0.01,2E+017,100,800,1.5062317968162
2018-02-28,23:10:00.727522,5500,2800,1433936.51403463,1E-05,0.01,0.16,0.8,0.05,0.01,2E+017,100,800,1.17535779838904
2018-02-28,23:10:11.272977,5000,2800,2181444.94460031,1E-05,0.025,0.16,0.8,0.05,0.01,2E+017,100,800,1.78806962672156
2018-02-28,23:10:21.211042,5250,2800,1821601.22391636,1E-05,0.025,0.16,0.8,0.05,0.01,2E+017,100,800,1.49311575730849
2018-02-28,23:10:31.789300,5500,2800,1397127.89187955,1E-05,0.025,0.16,0.8,0.05,0.01,2E+017,100,800,1.14518679662258
2018-02-28,23:10:42.259805,5000,2800,2193648.25599419,1E-05,0.05,0.16,0.8,0.05,0.01,2E+017,100,800,1.79807234097884
2018-02-28,23:10:53.052216,5250,2800,1824898.64832503,1E-05,0.05,0.16,0.8,0.05,0.01,2E+017,100,800,1.49581856420084
2018-02-28,23:11:05.402987,5500,2800,1382828.62222302,1E-05,0.05,0.16,0.8,0.05,0.01,2E+017,100,800,1.13346608378936
2018-02-28,23:11:11.964089,5000,2800,2095425.9345529,0.01,1E-05,0.16,0.8,0.05,0.01,2E+017,100,800,1.7175622414368
2018-02-28,23:11:23.587639,5250,2800,1907090.55108941,0.01,1E-05,0.16,0.8,0.05,0.01,2E+017,100,800,1.5631889763028
2018-02-28,23:11:31.198986,5500,2800,1465526.59521294,0.01,1E-05,0.16,0.8,0.05,0.01,2E+017,100,800,1.20125130755159
2018-02-28,23:11:39.017269,5000,2800,1999723.91460383,0.01,0.01,0.16,0.8,0.05,0.01,2E+017,100,800,1.63911796279002
2018-02-28,23:11:47.428481,5250,2800,1500111.05084717,0.01,0.01,0.16,0.8,0.05,0.01,2E+017,100,800,1.22959922200588
2018-02-28,23:11:54.178519,5500,2800,1067226.2523547,0.01,0.01,0.16,0.8,0.05,0.01,2E+017,100,800,0.874775616684176
2018-02-28,23:12:02.811314,5000,2800,2002854.30801692,0.01,0.025,0.16,0.8,0.05,0.01,2E+017,100,800,1.64168385903026
2018-02-28,23:12:10.246727,5250,2800,1507712.69244743,0.01,0.025,0.16,0.8,0.05,0.01,2E+017,100,800,1.23583007577658
2018-02-28,23:12:17.990066,5500,2800,881848.285991783,0.01,0.025,0.16,0.8,0.05,0.01,2E+017,100,800,0.722826463927691
2018-02-28,23:12:27.875000,5000,2800,2016965.80760653,0.01,0.05,0.16,0.8,0.05,0.01,2E+017,100,800,1.65325066197256
2018-02-28,23:12:34.945136,5250,2800,1491173.68834137,0.01,0.05,0.16,0.8,0.05,0.01,2E+017,100,800,1.22227351503391
2018-02-28,23:12:42.998094,5500,2800,765157.334716111,0.01,0.05,0.16,0.8,0.05,0.01,2E+017,100,800,0.627178143209927
2018-02-28,23:12:52.079053,5000,2800,2093603.36002899,0.025,1E-05,0.16,0.8,0.05,0.01,2E+017,100,800,1.71606832789262
2018-02-28,23:12:59.989433,5250,2800,1609750.23106216,0.025,1E-05,0.16,0.8,0.05,0.01,2E+017,100,800,1.31946740250997
2018-02-28,23:13:06.616050,5500,2800,786338.42405047,0.025,1E-05,0.16,0.8,0.05,0.01,2E+017,100,800,0.644539691844647
2018-02-28,23:13:15.820927,5000,2800,2012023.13544147,0.025,0.01,0.16,0.8,0.05,0.01,2E+017,100,800,1.64919929134547
2018-02-28,23:13:24.859485,5250,2800,1449610.03642931,0.025,0.01,0.16,0.8,0.05,0.01,2E+017,100,800,1.18820494789288
2018-02-28,23:13:30.084840,5500,2800,0,0.025,0.01,0.16,0.8,0.05,0.01,2E+017,100,800,0
2018-02-28,23:13:41.349836,5000,2800,1987933.79969419,0.025,0.025,0.16,0.8,0.05,0.01,2E+017,100,800,1.62945393417556
2018-02-28,23:13:50.021437,5250,2800,1369850.85137545,0.025,0.025,0.16,0.8,0.05,0.01,2E+017,100,800,1.12282856670119
2018-02-28,23:13:55.608468,5500,2800,0,0.025,0.025,0.16,0.8,0.05,0.01,2E+017,100,800,0
2018-02-28,23:14:07.463957,5000,2800,1980281.43422262,0.025,0.05,0.16,0.8,0.05,0.01,2E+017,100,800,1.62318150346116
2018-02-28,23:14:17.345747,5250,2800,1306042.70006414,0.025,0.05,0.16,0.8,0.05,0.01,2E+017,100,800,1.07052680333126
2018-02-28,23:14:24.147020,5500,2800,0,0.025,0.05,0.16,0.8,0.05,0.01,2E+017,100,800,0
2018-02-28,23:14:33.065839,5000,2800,2119887.86351017,0.05,1E-05,0.16,0.8,0.05,0.01,2E+017,100,800,1.73761300287719
2018-02-28,23:14:42.028468,5250,2800,1643556.86808411,0.05,1E-05,0.16,0.8,0.05,0.01,2E+017,100,800,1.34717776072468
2018-02-28,23:14:50.365840,5500,2800,755179.200039152,0.05,1E-05,0.16,0.8,0.05,0.01,2E+017,100,800,0.618999344294387
2018-02-28,23:15:00.624018,5000,2800,2039926.97093558,0.05,0.01,0.16,0.8,0.05,0.01,2E+017,100,800,1.67207128765211
2018-02-28,23:15:10.458444,5250,2800,1508646.54880301,0.05,0.01,0.16,0.8,0.05,0.01,2E+017,100,800,1.23659553180575
2018-02-28,23:15:18.407399,5500,2800,0,0.05,0.01,0.16,0.8,0.05,0.01,2E+017,100,800,0
2018-02-28,23:15:29.426284,5000,2800,2003074.80196254,0.05,0.025,0.16,0.8,0.05,0.01,2E+017,100,800,1.64186459177257
2018-02-28,23:15:38.910813,5250,2800,1408708.51006149,0.05,0.025,0.16,0.8,0.05,0.01,2E+017,100,800,1.15467910660778
2018-02-28,23:15:47.226701,5500,2800,0,0.05,0.025,0.16,0.8,0.05,0.01,2E+017,100,800,0
2018-02-28,23:15:58.974697,5000,2800,1964779.48940751,0.05,0.05,0.16,0.8,0.05,0.01,2E+017,100,800,1.61047499131763
2018-02-28,23:16:09.948761,5250,2800,1279097.27906715,0.05,0.05,0.16,0.8,0.05,0.01,2E+017,100,800,1.048440392678
2018-02-28,23:16:17.644840,5500,2800,0,0.05,0.05,0.16,0.8,0.05,0.01,2E+017,100,800,0
2018-02-28,23:16:29.569604,5000,2800,3480000,1E-05,1E-05,0.16,0.8,0.05,0.01,2000000000000000,1000,800,2.85245901639344
2018-02-28,23:16:41.915610,5250,2800,3480000,1E-05,1E-05,0.16,0.8,0.05,0.01,2000000000000000,1000,800,2.85245901639344
2018-02-28,23:16:54.663392,5500,2800,3480000,1E-05,1E-05,0.16,0.8,0.05,0.01,2000000000000000,1000,800,2.85245901639344
2018-02-28,23:17:06.470141,5000,2800,3480000,1E-05,0.01,0.16,0.8,0.05,0.01,2000000000000000,1000,800,2.85245901639344
2018-02-28,23:17:17.281394,5250,2800,3480000,1E-05,0.01,0.16,0.8,0.05,0.01,2000000000000000,1000,800,2.85245901639344
2018-02-28,23:17:28.211013,5500,2800,3480000,1E-05,0.01,0.16,0.8,0.05,0.01,2000000000000000,1000,800,2.85245901639344
2018-02-28,23:17:39.690187,5000,2800,3480000,1E-05,0.025,0.16,0.8,0.05,0.01,2000000000000000,1000,800,2.85245901639344
2018-02-28,23:17:50.322527,5250,2800,3480000,1E-05,0.025,0.16,0.8,0.05,0.01,2000000000000000,1000,800,2.85245901639344
2018-02-28,23:18:01.198973,5500,2800,3480000,1E-05,0.025,0.16,0.8,0.05,0.01,2000000000000000,1000,800,2.85245901639344
2018-02-28,23:18:12.925185,5000,2800,3480000,1E-05,0.05,0.16,0.8,0.05,0.01,2000000000000000,1000,800,2.85245901639344
2018-02-28,23:18:24.349141,5250,2800,3480000,1E-05,0.05,0.16,0.8,0.05,0.01,2000000000000000,1000,800,2.85245901639344
2018-02-28,23:18:35.232544,5500,2800,3480000,1E-05,0.05,0.16,0.8,0.05,0.01,2000000000000000,1000,800,2.85245901639344
2018-03-01,06:46:55.424062,5250,2800,3480000,0.01,1E-05,0.16,0.8,0.05,0.01,2000000000000000,1000,800,2.85245901639344
2018-03-01,06:47:06.338497,5500,2800,3480000,0.01,1E-05,0.16,0.8,0.05,0.01,2000000000000000,1000,800,2.85245901639344
2018-03-01,06:47:15.756280,5000,2800,3480000,0.01,0.01,0.16,0.8,0.05,0.01,2000000000000000,1000,800,2.85245901639344
2018-03-01,06:47:26.454588,5250,2800,3480000,0.01,0.01,0.16,0.8,0.05,0.01,2000000000000000,1000,800,2.85245901639344
2018-03-01,06:47:35.703297,5500,2800,3480000,0.01,0.01,0.16,0.8,0.05,0.01,2000000000000000,1000,800,2.85245901639344
2018-03-01,06:47:45.284364,5000,2800,3480000,0.01,0.025,0.16,0.8,0.05,0.01,2000000000000000,1000,800,2.85245901639344
2018-03-01,06:47:55.220390,5250,2800,3480000,0.01,0.025,0.16,0.8,0.05,0.01,2000000000000000,1000,800,2.85245901639344
2018-03-01,06:48:04.541040,5500,2800,3480000,0.01,0.025,0.16,0.8,0.05,0.01,2000000000000000,1000,800,2.85245901639344
2018-03-01,06:48:15.257273,5000,2800,3480000,0.01,0.05,0.16,0.8,0.05,0.01,2000000000000000,1000,800,2.85245901639344
2018-03-01,06:48:23.029890,5250,2800,3437632.32075696,0.01,0.05,0.16,0.8,0.05,0.01,2000000000000000,1000,800,2.81773141045653
2018-03-01,06:48:32.246523,5500,2800,3480000,0.01,0.05,0.16,0.8,0.05,0.01,2000000000000000,1000,800,2.85245901639344
2018-03-01,06:48:43.840573,5000,2800,3480000,0.025,1E-05,0.16,0.8,0.05,0.01,2000000000000000,1000,800,2.85245901639344
2018-03-01,06:48:55.306590,5250,2800,3480000,0.025,1E-05,0.16,0.8,0.05,0.01,2000000000000000,1000,800,2.85245901639344
2018-03-01,06:49:05.168299,5500,2800,3480000,0.025,1E-05,0.16,0.8,0.05,0.01,2000000000000000,1000,800,2.85245901639344
2018-03-01,06:49:15.616236,5000,2800,3480000,0.025,0.01,0.16,0.8,0.05,0.01,2000000000000000,1000,800,2.85245901639344
2018-03-01,06:49:26.122125,5250,2800,3480000,0.025,0.01,0.16,0.8,0.05,0.01,2000000000000000,1000,800,2.85245901639344
2018-03-01,06:49:36.419360,5500,2800,3480000,0.025,0.01,0.16,0.8,0.05,0.01,2000000000000000,1000,800,2.85245901639344
2018-03-01,06:49:48.903070,5000,2800,3480000,0.025,0.025,0.16,0.8,0.05,0.01,2000000000000000,1000,800,2.85245901639344
2018-03-01,06:49:59.592502,5250,2800,3480000,0.025,0.025,0.16,0.8,0.05,0.01,2000000000000000,1000,800,2.85245901639344
2018-03-01,06:50:07.778239,5500,2800,3338594.53052475,0.025,0.025,0.16,0.8,0.05,0.01,2000000000000000,1000,800,2.73655289387274
2018-03-01,06:50:20.651636,5000,2800,3480000,0.025,0.05,0.16,0.8,0.05,0.01,2000000000000000,1000,800,2.85245901639344
2018-03-01,06:50:28.842256,5250,2800,3368212.09425923,0.025,0.05,0.16,0.8,0.05,0.01,2000000000000000,1000,800,2.76082958545838
2018-03-01,06:50:36.576298,5500,2800,3099787.63312455,0.025,0.05,0.16,0.8,0.05,0.01,2000000000000000,1000,800,2.54080953534799
2018-03-01,06:50:47.630960,5000,2800,3480000,0.05,1E-05,0.16,0.8,0.05,0.01,2000000000000000,1000,800,2.85245901639344
2018-03-01,06:50:59.221751,5250,2800,3480000,0.05,1E-05,0.16,0.8,0.05,0.01,2000000000000000,1000,800,2.85245901639344
2018-03-01,06:51:10.173586,5500,2800,3480000,0.05,1E-05,0.16,0.8,0.05,0.01,2000000000000000,1000,800,2.85245901639344
2018-03-01,06:51:21.940620,5000,2800,3480000,0.05,0.01,0.16,0.8,0.05,0.01,2000000000000000,1000,800,2.85245901639344
2018-03-01,06:51:32.061373,5250,2800,3480000,0.05,0.01,0.16,0.8,0.05,0.01,2000000000000000,1000,800,2.85245901639344
2018-03-01,06:51:43.841290,5500,2800,3480000,0.05,0.01,0.16,0.8,0.05,0.01,2000000000000000,1000,800,2.85245901639344
2018-03-01,06:51:55.200992,5000,2800,3480000,0.05,0.025,0.16,0.8,0.05,0.01,2000000000000000,1000,800,2.85245901639344
2018-03-01,06:52:07.020140,5250,2800,3480000,0.05,0.025,0.16,0.8,0.05,0.01,2000000000000000,1000,800,2.85245901639344
2018-03-01,06:52:19.180526,5500,2800,3480000,0.05,0.025,0.16,0.8,0.05,0.01,2000000000000000,1000,800,2.85245901639344
2018-03-01,06:52:31.497512,5000,2800,3480000,0.05,0.05,0.16,0.8,0.05,0.01,2000000000000000,1000,800,2.85245901639344
2018-03-01,06:52:40.872316,5250,2800,3393666.42491287,0.05,0.05,0.16,0.8,0.05,0.01,2000000000000000,1000,800,2.78169379091219
2018-03-01,06:52:49.992494,5500,2800,3194731.62607056,0.05,0.05,0.16,0.8,0.05,0.01,2000000000000000,1000,800,2.6186324803857
2018-03-01,06:52:58.524979,5000,2800,3346418.97893017,1E-05,1E-05,0.16,0.8,0.05,0.01,2E+016,1000,800,2.74296637617227
2018-03-01,06:53:08.606957,5250,2800,3242972.11541557,1E-05,1E-05,0.16,0.8,0.05,0.01,2E+016,1000,800,2.65817386509473
2018-03-01,06:53:18.205334,5500,2800,3138329.41346474,1E-05,1E-05,0.16,0.8,0.05,0.01,2E+016,1000,800,2.57240115857765
2018-03-01,06:53:28.285489,5000,2800,3115753.583296,1E-05,0.01,0.16,0.8,0.05,0.01,2E+016,1000,800,2.55389637975082
2018-03-01,06:53:37.038906,5250,2800,3005821.51246087,1E-05,0.01,0.16,0.8,0.05,0.01,2E+016,1000,800,2.46378812496792
2018-03-01,06:53:46.248919,5500,2800,2909888.08652639,1E-05,0.01,0.16,0.8,0.05,0.01,2E+016,1000,800,2.38515416928392
2018-03-01,06:53:55.179333,5000,2800,2944883.31236958,1E-05,0.025,0.16,0.8,0.05,0.01,2E+016,1000,800,2.4138387806308
2018-03-01,06:54:03.975074,5250,2800,2812914.35999867,1E-05,0.025,0.16,0.8,0.05,0.01,2E+016,1000,800,2.30566750819563
2018-03-01,06:54:13.099616,5500,2800,2720889.02894678,1E-05,0.025,0.16,0.8,0.05,0.01,2E+016,1000,800,2.23023690897277
2018-03-01,06:54:22.914640,5000,2800,2822512.43718163,1E-05,0.05,0.16,0.8,0.05,0.01,2E+016,1000,800,2.3135347845751
2018-03-01,06:54:31.861786,5250,2800,2638683.61527819,1E-05,0.05,0.16,0.8,0.05,0.01,2E+016,1000,800,2.16285542235917
2018-03-01,06:54:40.862895,5500,2800,2527329.2999033,1E-05,0.05,0.16,0.8,0.05,0.01,2E+016,1000,800,2.07158139336336
2018-03-01,06:54:48.473268,5000,2800,3132132.6641472,0.01,1E-05,0.16,0.8,0.05,0.01,2E+016,1000,800,2.56732185585836
2018-03-01,06:54:58.141001,5250,2800,3171986.81809306,0.01,1E-05,0.16,0.8,0.05,0.01,2E+016,1000,800,2.59998919515824
2018-03-01,06:55:06.005581,5500,2800,3032260.86985245,0.01,1E-05,0.16,0.8,0.05,0.01,2E+016,1000,800,2.48545972938725
2018-03-01,06:55:13.385369,5000,2800,2978207.96549827,0.01,0.01,0.16,0.8,0.05,0.01,2E+016,1000,800,2.44115407008055
2018-03-01,06:55:20.630308,5250,2800,2850281.65057507,0.01,0.01,0.16,0.8,0.05,0.01,2E+016,1000,800,2.3362964348976
2018-03-01,06:55:27.665856,5500,2800,2813113.75884088,0.01,0.01,0.16,0.8,0.05,0.01,2E+016,1000,800,2.30583094986958
2018-03-01,06:55:35.802825,5000,2800,2802824.44564899,0.01,0.025,0.16,0.8,0.05,0.01,2E+016,1000,800,2.29739708659753
2018-03-01,06:55:43.275690,5250,2800,2555546.75557619,0.01,0.025,0.16,0.8,0.05,0.01,2E+016,1000,800,2.09471045539032
2018-03-01,06:55:50.235146,5500,2800,2548442.5415456,0.01,0.025,0.16,0.8,0.05,0.01,2E+016,1000,800,2.08888732913573
2018-03-01,06:55:58.904964,5000,2800,2712886.67159356,0.01,0.05,0.16,0.8,0.05,0.01,2E+016,1000,800,2.22367759966685
2018-03-01,06:56:05.923715,5250,2800,2360763.69524491,0.01,0.05,0.16,0.8,0.05,0.01,2E+016,1000,800,1.93505220921714
2018-03-01,06:56:13.551144,5500,2800,2261923.12981229,0.01,0.05,0.16,0.8,0.05,0.01,2E+016,1000,800,1.85403535230516
2018-03-01,06:56:22.670643,5000,2800,3097161.42106121,0.025,1E-05,0.16,0.8,0.05,0.01,2E+016,1000,800,2.53865690250919
2018-03-01,06:56:31.371897,5250,2800,2878900.19863796,0.025,1E-05,0.16,0.8,0.05,0.01,2E+016,1000,800,2.35975426117866
2018-03-01,06:56:38.974816,5500,2800,2667581.08152033,0.025,1E-05,0.16,0.8,0.05,0.01,2E+016,1000,800,2.18654187009863
2018-03-01,06:56:47.143335,5000,2800,2999571.52978682,0.025,0.01,0.16,0.8,0.05,0.01,2E+016,1000,800,2.45866518834986
2018-03-01,06:56:55.063062,5250,2800,2756747.13793002,0.025,0.01,0.16,0.8,0.05,0.01,2E+016,1000,800,2.25962880158199
2018-03-01,06:57:01.502039,5500,2800,2500174.02938794,0.025,0.01,0.16,0.8,0.05,0.01,2E+016,1000,800,2.04932297490814
2018-03-01,06:57:12.260516,5000,2800,2839185.90189939,0.025,0.025,0.16,0.8,0.05,0.01,2E+016,1000,800,2.32720155893392
2018-03-01,06:57:20.937665,5250,2800,2539806.83938411,0.025,0.025,0.16,0.8,0.05,0.01,2E+016,1000,800,2.08180888474107
2018-03-01,06:57:27.164644,5500,2800,2174395.94200839,0.025,0.025,0.16,0.8,0.05,0.01,2E+016,1000,800,1.78229175574458
2018-03-01,06:57:35.572538,5000,2800,2696302.02849128,0.025,0.05,0.16,0.8,0.05,0.01,2E+016,1000,800,2.21008362991089
2018-03-01,06:57:44.618690,5250,2800,2309610.45990048,0.025,0.05,0.16,0.8,0.05,0.01,2E+016,1000,800,1.89312332778728
2018-03-01,06:57:52.202489,5500,2800,1782473.70946851,0.025,0.05,0.16,0.8,0.05,0.01,2E+016,1000,800,1.46104402415452
2018-03-01,06:58:00.569356,5000,2800,3078971.17098745,0.05,1E-05,0.16,0.8,0.05,0.01,2E+016,1000,800,2.52374686146512
2018-03-01,06:58:09.586215,5250,2800,2849019.91227339,0.05,1E-05,0.16,0.8,0.05,0.01,2E+016,1000,800,2.33526222317491
2018-03-01,06:58:17.650439,5500,2800,2581190.2009024,0.05,1E-05,0.16,0.8,0.05,0.01,2E+016,1000,800,2.11572967287082
2018-03-01,06:58:25.501962,5000,2800,2996469.31500312,0.05,0.01,0.16,0.8,0.05,0.01,2E+016,1000,800,2.45612238934682
2018-03-01,06:58:33.712228,5250,2800,2766704.08322516,0.05,0.01,0.16,0.8,0.05,0.01,2E+016,1000,800,2.26779023215177
2018-03-01,06:58:41.739888,5500,2800,2495249.15824449,0.05,0.01,0.16,0.8,0.05,0.01,2E+016,1000,800,2.04528619528237
2018-03-01,06:58:49.782278,5000,2800,2843737.84685128,0.05,0.025,0.16,0.8,0.05,0.01,2E+016,1000,800,2.33093266135351
2018-03-01,06:58:58.428111,5250,2800,2583221.4637489,0.05,0.025,0.16,0.8,0.05,0.01,2E+016,1000,800,2.11739464241713
2018-03-01,06:59:07.564247,5500,2800,2366413.48020836,0.05,0.025,0.16,0.8,0.05,0.01,2E+016,1000,800,1.93968318049865
2018-03-01,06:59:16.851993,5000,2800,2688953.11492963,0.05,0.05,0.16,0.8,0.05,0.01,2E+016,1000,800,2.20405993027019
2018-03-01,06:59:25.676827,5250,2800,2342402.21097211,0.05,0.05,0.16,0.8,0.05,0.01,2E+016,1000,800,1.92000181227222
2018-03-01,06:59:35.016375,5500,2800,1932460.64205178,0.05,0.05,0.16,0.8,0.05,0.01,2E+016,1000,800,1.58398413282933
2018-03-01,06:59:43.499346,5000,2800,2551292.63073297,1E-05,1E-05,0.16,0.8,0.05,0.01,2E+017,1000,800,2.09122346781391
2018-03-01,06:59:52.892089,5250,2800,2321719.26265037,1E-05,1E-05,0.16,0.8,0.05,0.01,2E+017,1000,800,1.90304857594293
2018-03-01,07:00:02.624291,5500,2800,2089460.58933384,1E-05,1E-05,0.16,0.8,0.05,0.01,2E+017,1000,800,1.71267261420807
2018-03-01,07:00:11.778273,5000,2800,2324770.24682802,1E-05,0.01,0.16,0.8,0.05,0.01,2E+017,1000,800,1.90554938264591
2018-03-01,07:00:20.478506,5250,2800,2057829.14896695,1E-05,0.01,0.16,0.8,0.05,0.01,2E+017,1000,800,1.68674520407127
2018-03-01,07:00:30.079007,5500,2800,1792352.1266322,1E-05,0.01,0.16,0.8,0.05,0.01,2E+017,1000,800,1.46914108740344
2018-03-01,07:00:39.360672,5000,2800,2127975.96503577,1E-05,0.025,0.16,0.8,0.05,0.01,2E+017,1000,800,1.74424259429162
2018-03-01,07:00:48.277158,5250,2800,1802499.1927051,1E-05,0.025,0.16,0.8,0.05,0.01,2E+017,1000,800,1.47745835467631
2018-03-01,07:00:57.154422,5500,2800,1498025.75381176,1E-05,0.025,0.16,0.8,0.05,0.01,2E+017,1000,800,1.22788996214078
2018-03-01,07:01:06.294119,5000,2800,1970363.42628516,1E-05,0.05,0.16,0.8,0.05,0.01,2E+017,1000,800,1.61505198875832
2018-03-01,07:01:15.781919,5250,2800,1537963.02219575,1E-05,0.05,0.16,0.8,0.05,0.01,2E+017,1000,800,1.2606254280293
2018-03-01,07:01:23.913428,5500,2800,1112601.27213604,1E-05,0.05,0.16,0.8,0.05,0.01,2E+017,1000,800,0.911968255849213
2018-03-01,07:01:31.398298,5000,2800,2363988.54811034,0.01,1E-05,0.16,0.8,0.05,0.01,2E+017,1000,800,1.93769553123798
2018-03-01,07:01:40.727408,5250,2800,2251137.18445923,0.01,1E-05,0.16,0.8,0.05,0.01,2E+017,1000,800,1.84519441349117
2018-03-01,07:01:49.485183,5500,2800,1967977.90355563,0.01,1E-05,0.16,0.8,0.05,0.01,2E+017,1000,800,1.61309664225871
2018-03-01,07:01:56.540448,5000,2800,2168425.67039722,0.01,0.01,0.16,0.8,0.05,0.01,2E+017,1000,800,1.77739809048953
2018-03-01,07:02:03.870145,5250,2800,1780939.0488137,0.01,0.01,0.16,0.8,0.05,0.01,2E+017,1000,800,1.459786105585
2018-03-01,07:02:09.775332,5500,2800,1503118.57553028,0.01,0.01,0.16,0.8,0.05,0.01,2E+017,1000,800,1.23206440617236
2018-03-01,07:02:18.048571,5000,2800,1941518.01753756,0.01,0.025,0.16,0.8,0.05,0.01,2E+017,1000,800,1.59140821109636
2018-03-01,07:02:25.211726,5250,2800,1310234.23729577,0.01,0.025,0.16,0.8,0.05,0.01,2E+017,1000,800,1.0739624895867
2018-03-01,07:02:32.256899,5500,2800,781290.593545212,0.01,0.025,0.16,0.8,0.05,0.01,2E+017,1000,800,0.640402125856731
2018-03-01,07:02:39.074590,5000,2800,1786324.08879612,0.01,0.05,0.16,0.8,0.05,0.01,2E+017,1000,800,1.4642000727837
2018-03-01,07:02:46.122093,5250,2800,839815.327563888,0.01,0.05,0.16,0.8,0.05,0.01,2E+017,1000,800,0.688373219314662
2018-03-01,07:02:52.151108,5500,2800,0,0.01,0.05,0.16,0.8,0.05,0.01,2E+017,1000,800,0
2018-03-01,07:03:00.313531,5000,2800,2327556.56047357,0.025,1E-05,0.16,0.8,0.05,0.01,2E+017,1000,800,1.90783324628981
2018-03-01,07:03:07.946441,5250,2800,1941872.59048928,0.025,1E-05,0.16,0.8,0.05,0.01,2E+017,1000,800,1.59169884466334
2018-03-01,07:03:15.454983,5500,2800,1485532.29572767,0.025,1E-05,0.16,0.8,0.05,0.01,2E+017,1000,800,1.21764942272759
2018-03-01,07:03:23.849385,5000,2800,2181603.01788491,0.025,0.01,0.16,0.8,0.05,0.01,2E+017,1000,800,1.78819919498763
2018-03-01,07:03:31.158140,5250,2800,1708248.0574902,0.025,0.01,0.16,0.8,0.05,0.01,2E+017,1000,800,1.40020332581164
2018-03-01,07:03:37.078256,5500,2800,1003154.95656181,0.025,0.01,0.16,0.8,0.05,0.01,2E+017,1000,800,0.822258161116238
2018-03-01,07:03:46.749165,5000,2800,1984530.7518064,0.025,0.025,0.16,0.8,0.05,0.01,2E+017,1000,800,1.62666455066098
2018-03-01,07:03:54.711965,5250,2800,1346465.72940285,0.025,0.025,0.16,0.8,0.05,0.01,2E+017,1000,800,1.10366043393677
2018-03-01,07:03:59.705318,5500,2800,0,0.025,0.025,0.16,0.8,0.05,0.01,2E+017,1000,800,0
2018-03-01,07:04:10.288609,5000,2800,1766133.50791471,0.025,0.05,0.16,0.8,0.05,0.01,2E+017,1000,800,1.44765041632353
2018-03-01,07:04:18.812727,5250,2800,751531.418215412,0.025,0.05,0.16,0.8,0.05,0.01,2E+017,1000,800,0.616009359192961
2018-03-01,07:04:24.623439,5500,2800,0,0.025,0.05,0.16,0.8,0.05,0.01,2E+017,1000,800,0
2018-03-01,07:04:32.977322,5000,2800,2307821.28302252,0.05,1E-05,0.16,0.8,0.05,0.01,2E+017,1000,800,1.89165678936272
2018-03-01,07:04:41.091870,5250,2800,1902568.66879509,0.05,1E-05,0.16,0.8,0.05,0.01,2E+017,1000,800,1.55948251540581
2018-03-01,07:04:48.931961,5500,2800,1320770.62635683,0.05,1E-05,0.16,0.8,0.05,0.01,2E+017,1000,800,1.08259887406298
2018-03-01,07:04:57.367662,5000,2800,2170994.01216904,0.05,0.01,0.16,0.8,0.05,0.01,2E+017,1000,800,1.77950328866315
2018-03-01,07:05:05.179782,5250,2800,1710932.901058,0.05,0.01,0.16,0.8,0.05,0.01,2E+017,1000,800,1.40240401726066
2018-03-01,07:05:13.230533,5500,2800,934672.106788763,0.05,0.01,0.16,0.8,0.05,0.01,2E+017,1000,800,0.766124677695707
2018-03-01,07:05:21.815798,5000,2800,1983054.59172822,0.05,0.025,0.16,0.8,0.05,0.01,2E+017,1000,800,1.62545458338378
2018-03-01,07:05:30.404658,5250,2800,1405474.23997484,0.05,0.025,0.16,0.8,0.05,0.01,2E+017,1000,800,1.15202806555315
2018-03-01,07:05:39.034229,5500,2800,274337.389051609,0.05,0.025,0.16,0.8,0.05,0.01,2E+017,1000,800,0.224866712337385
2018-03-01,07:05:47.747696,5000,2800,1752004.93321443,0.05,0.05,0.16,0.8,0.05,0.01,2E+017,1000,800,1.43606961738888
2018-03-01,07:05:56.306822,5250,2800,838429.854376762,0.05,0.05,0.16,0.8,0.05,0.01,2E+017,1000,800,0.687237585554723
2018-03-01,07:06:03.547498,5500,2800,0,0.05,0.05,0.16,0.8,0.05,0.01,2E+017,1000,800,0
2018-03-01,07:06:16.147286,5000,2800,3480000,1E-05,1E-05,0.16,0.8,0.05,0.01,2000000000000000,30,800,2.85245901639344
2018-03-01,07:06:25.726487,5250,2800,3480000,1E-05,1E-05,0.16,0.8,0.05,0.01,2000000000000000,30,800,2.85245901639344
2018-03-01,07:06:35.806711,5500,2800,3480000,1E-05,1E-05,0.16,0.8,0.05,0.01,2000000000000000,30,800,2.85245901639344
2018-03-01,07:06:57.581854,5000,2800,3480000,1E-05,0.01,0.16,0.8,0.05,0.01,2000000000000000,30,800,2.85245901639344
2018-03-01,07:07:12.939809,5250,2800,3480000,1E-05,0.01,0.16,0.8,0.05,0.01,2000000000000000,30,800,2.85245901639344
2018-03-01,07:07:26.510282,5500,2800,3480000,1E-05,0.01,0.16,0.8,0.05,0.01,2000000000000000,30,800,2.85245901639344
2018-03-01,07:07:41.232820,5000,2800,3480000,1E-05,0.025,0.16,0.8,0.05,0.01,2000000000000000,30,800,2.85245901639344
2018-03-01,07:07:56.447957,5250,2800,3480000,1E-05,0.025,0.16,0.8,0.05,0.01,2000000000000000,30,800,2.85245901639344
2018-03-01,07:08:10.923985,5500,2800,3473045.27214275,1E-05,0.025,0.16,0.8,0.05,0.01,2000000000000000,30,800,2.84675841978914
2018-03-01,07:08:25.397290,5000,2800,3480000,1E-05,0.05,0.16,0.8,0.05,0.01,2000000000000000,30,800,2.85245901639344
2018-03-01,07:08:39.946574,5250,2800,3454136.03353496,1E-05,0.05,0.16,0.8,0.05,0.01,2000000000000000,30,800,2.83125904388111
2018-03-01,07:08:54.638476,5500,2800,3362077.97327095,1E-05,0.05,0.16,0.8,0.05,0.01,2000000000000000,30,800,2.7558016174352
2018-03-01,07:09:04.489407,5000,2800,3480000,0.01,1E-05,0.16,0.8,0.05,0.01,2000000000000000,30,800,2.85245901639344
2018-03-01,07:09:16.814347,5250,2800,3480000,0.01,1E-05,0.16,0.8,0.05,0.01,2000000000000000,30,800,2.85245901639344
2018-03-01,07:09:28.318452,5500,2800,3480000,0.01,1E-05,0.16,0.8,0.05,0.01,2000000000000000,30,800,2.85245901639344
2018-03-01,07:09:41.006542,5000,2800,3480000,0.01,0.01,0.16,0.8,0.05,0.01,2000000000000000,30,800,2.85245901639344
2018-03-01,07:09:56.060660,5250,2800,3480000,0.01,0.01,0.16,0.8,0.05,0.01,2000000000000000,30,800,2.85245901639344
2018-03-01,07:10:09.731239,5500,2800,3480000,0.01,0.01,0.16,0.8,0.05,0.01,2000000000000000,30,800,2.85245901639344
2018-03-01,07:10:21.819043,5000,2800,3480000,0.01,0.025,0.16,0.8,0.05,0.01,2000000000000000,30,800,2.85245901639344
2018-03-01,07:10:35.342524,5250,2800,3480000,0.01,0.025,0.16,0.8,0.05,0.01,2000000000000000,30,800,2.85245901639344
2018-03-01,07:10:49.444945,5500,2800,3480000,0.01,0.025,0.16,0.8,0.05,0.01,2000000000000000,30,800,2.85245901639344
2018-03-01,07:11:02.219832,5000,2800,3422328.7503079,0.01,0.05,0.16,0.8,0.05,0.01,2000000000000000,30,800,2.80518750025238
2018-03-01,07:11:14.036537,5250,2800,3397406.95615628,0.01,0.05,0.16,0.8,0.05,0.01,2000000000000000,30,800,2.7847598001281
2018-03-01,07:11:27.676880,5500,2800,3480000,0.01,0.05,0.16,0.8,0.05,0.01,2000000000000000,30,800,2.85245901639344
2018-03-01,07:11:38.304371,5000,2800,3480000,0.025,1E-05,0.16,0.8,0.05,0.01,2000000000000000,30,800,2.85245901639344
2018-03-01,07:11:47.653524,5250,2800,3480000,0.025,1E-05,0.16,0.8,0.05,0.01,2000000000000000,30,800,2.85245901639344
2018-03-01,07:11:58.369859,5500,2800,3480000,0.025,1E-05,0.16,0.8,0.05,0.01,2000000000000000,30,800,2.85245901639344
2018-03-01,07:12:11.596541,5000,2800,3480000,0.025,0.01,0.16,0.8,0.05,0.01,2000000000000000,30,800,2.85245901639344
2018-03-01,07:12:21.905308,5250,2800,3455367.77532137,0.025,0.01,0.16,0.8,0.05,0.01,2000000000000000,30,800,2.8322686682962
2018-03-01,07:12:33.582096,5500,2800,3376998.2328582,0.025,0.01,0.16,0.8,0.05,0.01,2000000000000000,30,800,2.76803133840836
2018-03-01,07:12:42.895667,5000,2800,3467347.44452186,0.025,0.025,0.16,0.8,0.05,0.01,2000000000000000,30,800,2.84208806928022
2018-03-01,07:12:52.935943,5250,2800,3319951.83485895,0.025,0.025,0.16,0.8,0.05,0.01,2000000000000000,30,800,2.72127199578602
2018-03-01,07:13:06.009385,5500,2800,3247704.13798811,0.025,0.025,0.16,0.8,0.05,0.01,2000000000000000,30,800,2.6620525721214
2018-03-01,07:13:18.473935,5000,2800,3375808.27856747,0.025,0.05,0.16,0.8,0.05,0.01,2000000000000000,30,800,2.76705596603891
2018-03-01,07:13:30.125619,5250,2800,3186658.79285903,0.025,0.05,0.16,0.8,0.05,0.01,2000000000000000,30,800,2.61201540398281
2018-03-01,07:13:41.873542,5500,2800,3093023.41687507,0.025,0.05,0.16,0.8,0.05,0.01,2000000000000000,30,800,2.53526509579923
2018-03-01,07:13:53.430502,5000,2800,3480000,0.05,1E-05,0.16,0.8,0.05,0.01,2000000000000000,30,800,2.85245901639344
2018-03-01,07:14:03.657043,5250,2800,3480000,0.05,1E-05,0.16,0.8,0.05,0.01,2000000000000000,30,800,2.85245901639344
2018-03-01,07:14:11.508916,5500,2800,3416167.47613476,0.05,1E-05,0.16,0.8,0.05,0.01,2000000000000000,30,800,2.80013727552029
2018-03-01,07:14:26.163574,5000,2800,3480000,0.05,0.01,0.16,0.8,0.05,0.01,2000000000000000,30,800,2.85245901639344
2018-03-01,07:14:35.477747,5250,2800,3442767.9756126,0.05,0.01,0.16,0.8,0.05,0.01,2000000000000000,30,800,2.82194096361688
2018-03-01,07:14:45.159249,5500,2800,3283569.09417836,0.05,0.01,0.16,0.8,0.05,0.01,2000000000000000,30,800,2.69145007719538
2018-03-01,07:14:57.399575,5000,2800,3470736.73863903,0.05,0.025,0.16,0.8,0.05,0.01,2000000000000000,30,800,2.84486617921232
2018-03-01,07:15:08.816769,5250,2800,3306524.36871701,0.05,0.025,0.16,0.8,0.05,0.01,2000000000000000,30,800,2.71026587599755
2018-03-01,07:15:20.588971,5500,2800,3128153.34089617,0.05,0.025,0.16,0.8,0.05,0.01,2000000000000000,30,800,2.56406011548866
2018-03-01,07:15:33.248435,5000,2800,3375113.39051707,0.05,0.05,0.16,0.8,0.05,0.01,2000000000000000,30,800,2.76648638566973
2018-03-01,07:15:44.154521,5250,2800,3183066.86697218,0.05,0.05,0.16,0.8,0.05,0.01,2000000000000000,30,800,2.60907120243622
2018-03-01,07:15:55.155816,5500,2800,2979083.30129371,0.05,0.05,0.16,0.8,0.05,0.01,2000000000000000,30,800,2.44187155843746
2018-03-01,07:16:04.144518,5000,2800,2875505.96237646,1E-05,1E-05,0.16,0.8,0.05,0.01,2E+016,30,800,2.35697210030857
2018-03-01,07:16:12.659077,5250,2800,2709166.39591337,1E-05,1E-05,0.16,0.8,0.05,0.01,2E+016,30,800,2.22062819337162
2018-03-01,07:16:20.256520,5500,2800,2542253.02822853,1E-05,1E-05,0.16,0.8,0.05,0.01,2E+016,30,800,2.08381395756437
2018-03-01,07:16:33.240657,5000,2800,2883024.84540394,1E-05,0.01,0.16,0.8,0.05,0.01,2E+016,30,800,2.36313511918356
2018-03-01,07:16:47.267325,5250,2800,2689109.92446644,1E-05,0.01,0.16,0.8,0.05,0.01,2E+016,30,800,2.20418846267741
2018-03-01,07:16:59.799876,5500,2800,2485148.65267559,1E-05,0.01,0.16,0.8,0.05,0.01,2E+016,30,800,2.03700709235704
2018-03-01,07:17:13.812521,5000,2800,2844673.74509802,1E-05,0.025,0.16,0.8,0.05,0.01,2E+016,30,800,2.33169979106395
2018-03-01,07:17:27.256131,5250,2800,2639925.33938352,1E-05,0.025,0.16,0.8,0.05,0.01,2E+016,30,800,2.16387322900288
2018-03-01,07:17:41.924611,5500,2800,2419708.22362208,1E-05,0.025,0.16,0.8,0.05,0.01,2E+016,30,800,1.98336739641154
2018-03-01,07:17:54.820921,5000,2800,2737548.92528721,1E-05,0.05,0.16,0.8,0.05,0.01,2E+016,30,800,2.24389256171083
2018-03-01,07:18:08.618616,5250,2800,2517103.51826248,1E-05,0.05,0.16,0.8,0.05,0.01,2E+016,30,800,2.06319960513318
2018-03-01,07:18:23.547799,5500,2800,2292996.18833212,1E-05,0.05,0.16,0.8,0.05,0.01,2E+016,30,800,1.87950507240337
2018-03-01,07:18:30.085116,5000,2800,2828058.51667808,0.01,1E-05,0.16,0.8,0.05,0.01,2E+016,30,800,2.31808075137547
2018-03-01,07:18:42.623183,5250,2800,2689703.08072269,0.01,1E-05,0.16,0.8,0.05,0.01,2E+016,30,800,2.20467465633007
2018-03-01,07:18:50.754885,5500,2800,2473566.03378221,0.01,1E-05,0.16,0.8,0.05,0.01,2E+016,30,800,2.02751314244444
2018-03-01,07:19:00.828818,5000,2800,2745868.24100353,0.01,0.01,0.16,0.8,0.05,0.01,2E+016,30,800,2.25071167295372
2018-03-01,07:19:11.601013,5250,2800,2646433.06612197,0.01,0.01,0.16,0.8,0.05,0.01,2E+016,30,800,2.16920743124752
2018-03-01,07:19:21.745067,5500,2800,2535009.07727424,0.01,0.01,0.16,0.8,0.05,0.01,2E+016,30,800,2.07787629284774
2018-03-01,07:19:31.967551,5000,2800,2672806.8523291,0.01,0.025,0.16,0.8,0.05,0.01,2E+016,30,800,2.19082528879435
2018-03-01,07:19:41.168851,5250,2800,2550651.95133963,0.01,0.025,0.16,0.8,0.05,0.01,2E+016,30,800,2.09069832077019
2018-03-01,07:19:51.239973,5500,2800,2466071.08621789,0.01,0.025,0.16,0.8,0.05,0.01,2E+016,30,800,2.02136974280155
2018-03-01,07:20:02.595586,5000,2800,2580530.03712709,0.01,0.05,0.16,0.8,0.05,0.01,2E+016,30,800,2.11518855502221
2018-03-01,07:20:12.183702,5250,2800,2349451.74676139,0.01,0.05,0.16,0.8,0.05,0.01,2E+016,30,800,1.92578012029623
2018-03-01,07:20:21.939345,5500,2800,2275489.81490511,0.01,0.05,0.16,0.8,0.05,0.01,2E+016,30,800,1.86515558598779
2018-03-01,07:20:31.240295,5000,2800,2827817.8920091,0.025,1E-05,0.16,0.8,0.05,0.01,2E+016,30,800,2.31788351804024
2018-03-01,07:20:38.678398,5250,2800,2600573.76845318,0.025,1E-05,0.16,0.8,0.05,0.01,2E+016,30,800,2.13161784299441
2018-03-01,07:20:47.175460,5500,2800,2377030.70523224,0.025,1E-05,0.16,0.8,0.05,0.01,2E+016,30,800,1.94838582396086
2018-03-01,07:20:56.840844,5000,2800,2735228.68687355,0.025,0.01,0.16,0.8,0.05,0.01,2E+016,30,800,2.24199072694554
2018-03-01,07:21:05.110498,5250,2800,2469281.36050919,0.025,0.01,0.16,0.8,0.05,0.01,2E+016,30,800,2.02400111517147
2018-03-01,07:21:15.722938,5500,2800,2241151.90645549,0.025,0.01,0.16,0.8,0.05,0.01,2E+016,30,800,1.83700975938975
2018-03-01,07:21:27.439491,5000,2800,2635648.31813613,0.025,0.025,0.16,0.8,0.05,0.01,2E+016,30,800,2.16036747388208
2018-03-01,07:21:38.406817,5250,2800,2324203.71828228,0.025,0.025,0.16,0.8,0.05,0.01,2E+016,30,800,1.90508501498548
2018-03-01,07:21:48.904000,5500,2800,2090052.00887797,0.025,0.025,0.16,0.8,0.05,0.01,2E+016,30,800,1.7131573843262
2018-03-01,07:22:02.211210,5000,2800,2550643.78352767,0.025,0.05,0.16,0.8,0.05,0.01,2E+016,30,800,2.09069162584235
2018-03-01,07:22:15.701932,5250,2800,2179787.94578228,0.025,0.05,0.16,0.8,0.05,0.01,2E+016,30,800,1.78671143096908
2018-03-01,07:22:25.663692,5500,2800,1910206.08128751,0.025,0.05,0.16,0.8,0.05,0.01,2E+016,30,800,1.56574268957993
2018-03-01,07:22:35.934195,5000,2800,2853655.81535296,0.05,1E-05,0.16,0.8,0.05,0.01,2E+016,30,800,2.33906214373193
2018-03-01,07:22:44.494128,5250,2800,2597156.73090403,0.05,1E-05,0.16,0.8,0.05,0.01,2E+016,30,800,2.12881699254429
2018-03-01,07:22:52.918547,5500,2800,2308873.2509721,0.05,1E-05,0.16,0.8,0.05,0.01,2E+016,30,800,1.89251905817385
2018-03-01,07:23:04.446504,5000,2800,2753470.64688208,0.05,0.01,0.16,0.8,0.05,0.01,2E+016,30,800,2.25694315318203
2018-03-01,07:23:14.720117,5250,2800,2468824.28854584,0.05,0.01,0.16,0.8,0.05,0.01,2E+016,30,800,2.02362646602118
2018-03-01,07:23:24.040496,5500,2800,2141668.78420405,0.05,0.01,0.16,0.8,0.05,0.01,2E+016,30,800,1.75546621656069
2018-03-01,07:23:35.550504,5000,2800,2644946.45376538,0.05,0.025,0.16,0.8,0.05,0.01,2E+016,30,800,2.167988896529
2018-03-01,07:23:46.650755,5250,2800,2318735.09726559,0.05,0.025,0.16,0.8,0.05,0.01,2E+016,30,800,1.90060253874229
2018-03-01,07:23:58.625635,5500,2800,1937401.45323272,0.05,0.025,0.16,0.8,0.05,0.01,2E+016,30,800,1.5880339780596
2018-03-01,07:24:10.218870,5000,2800,2550723.17847201,0.05,0.05,0.16,0.8,0.05,0.01,2E+016,30,800,2.09075670366559
2018-03-01,07:24:23.814750,5250,2800,2176283.23565752,0.05,0.05,0.16,0.8,0.05,0.01,2E+016,30,800,1.78383871775207
2018-03-01,07:24:35.575104,5500,2800,1720810.41554933,0.05,0.05,0.16,0.8,0.05,0.01,2E+016,30,800,1.4105003406142
2018-03-01,07:24:44.989005,5000,2800,2066043.82615262,1E-05,1E-05,0.16,0.8,0.05,0.01,2E+017,30,800,1.69347854602674
2018-03-01,07:24:52.837328,5250,2800,1688206.68430933,1E-05,1E-05,0.16,0.8,0.05,0.01,2E+017,30,800,1.38377597074535
2018-03-01,07:25:00.751392,5500,2800,1200478.77464479,1E-05,1E-05,0.16,0.8,0.05,0.01,2E+017,30,800,0.983998995610481
2018-03-01,07:25:13.845206,5000,2800,2082375.01440693,1E-05,0.01,0.16,0.8,0.05,0.01,2E+017,30,800,1.70686476590732
2018-03-01,07:25:27.742717,5250,2800,1692131.87069843,1E-05,0.01,0.16,0.8,0.05,0.01,2E+017,30,800,1.38699333663805
2018-03-01,07:25:40.797499,5500,2800,1142778.78397875,1E-05,0.01,0.16,0.8,0.05,0.01,2E+017,30,800,0.936703921294055
2018-03-01,07:25:53.626620,5000,2800,2059386.18268145,1E-05,0.025,0.16,0.8,0.05,0.01,2E+017,30,800,1.68802146121431
2018-03-01,07:26:07.913517,5250,2800,1641329.20796825,1E-05,0.025,0.16,0.8,0.05,0.01,2E+017,30,800,1.34535180981004
2018-03-01,07:26:19.998194,5500,2800,1031597.42775471,1E-05,0.025,0.16,0.8,0.05,0.01,2E+017,30,800,0.845571662094024
2018-03-01,07:26:33.356612,5000,2800,1948514.64006937,1E-05,0.05,0.16,0.8,0.05,0.01,2E+017,30,800,1.59714314759784
2018-03-01,07:26:46.776420,5250,2800,1474004.41928116,1E-05,0.05,0.16,0.8,0.05,0.01,2E+017,30,800,1.20820034367308
2018-03-01,07:27:00.096264,5500,2800,671795.584874181,1E-05,0.05,0.16,0.8,0.05,0.01,2E+017,30,800,0.550652118749329
2018-03-01,07:27:06.848588,5000,2800,1996978.40267208,0.01,1E-05,0.16,0.8,0.05,0.01,2E+017,30,800,1.63686754317384
2018-03-01,07:27:19.144681,5250,2800,1664418.96226351,0.01,1E-05,0.16,0.8,0.05,0.01,2E+017,30,800,1.36427783792091
2018-03-01,07:27:27.401107,5500,2800,1051831.0839268,0.01,1E-05,0.16,0.8,0.05,0.01,2E+017,30,800,0.862156626169512
2018-03-01,07:27:35.233239,5000,2800,1904914.495567,0.01,0.01,0.16,0.8,0.05,0.01,2E+017,30,800,1.56140532423524
2018-03-01,07:27:44.894781,5250,2800,1398574.6853417,0.01,0.01,0.16,0.8,0.05,0.01,2E+017,30,800,1.14637269290303
2018-03-01,07:27:52.508638,5500,2800,505884.316561457,0.01,0.01,0.16,0.8,0.05,0.01,2E+017,30,800,0.414659275870047
2018-03-01,07:28:01.942328,5000,2800,1831283.71960302,0.01,0.025,0.16,0.8,0.05,0.01,2E+017,30,800,1.50105222918281
2018-03-01,07:28:10.583547,5250,2800,1281214.78548644,0.01,0.025,0.16,0.8,0.05,0.01,2E+017,30,800,1.05017605367741
2018-03-01,07:28:16.972957,5500,2800,0,0.01,0.025,0.16,0.8,0.05,0.01,2E+017,30,800,0
2018-03-01,07:28:28.563747,5000,2800,1691999.0370706,0.01,0.05,0.16,0.8,0.05,0.01,2E+017,30,800,1.38688445661525
2018-03-01,07:28:37.761388,5250,2800,884086.224294346,0.01,0.05,0.16,0.8,0.05,0.01,2E+017,30,800,0.724660839585529
2018-03-01,07:28:44.137481,5500,2800,0,0.01,0.05,0.16,0.8,0.05,0.01,2E+017,30,800,0
2018-03-01,07:28:51.772687,5000,2800,2007139.04596237,0.025,1E-05,0.16,0.8,0.05,0.01,2E+017,30,800,1.64519593931342
2018-03-01,07:28:59.603466,5250,2800,1513634.4466934,0.025,1E-05,0.16,0.8,0.05,0.01,2E+017,30,800,1.24068397269951
2018-03-01,07:29:07.203134,5500,2800,664544.737545977,0.025,1E-05,0.16,0.8,0.05,0.01,2E+017,30,800,0.544708801267194
2018-03-01,07:29:17.067336,5000,2800,1904124.52660391,0.025,0.01,0.16,0.8,0.05,0.01,2E+017,30,800,1.56075780869173
2018-03-01,07:29:25.676408,5250,2800,1313775.86231505,0.025,0.01,0.16,0.8,0.05,0.01,2E+017,30,800,1.07686546091398
2018-03-01,07:29:33.641700,5500,2800,0,0.025,0.01,0.16,0.8,0.05,0.01,2E+017,30,800,0
2018-03-01,07:29:44.075985,5000,2800,1796956.55029144,0.025,0.025,0.16,0.8,0.05,0.01,2E+017,30,800,1.47291520515692
2018-03-01,07:29:53.995656,5250,2800,1060673.35315503,0.025,0.025,0.16,0.8,0.05,0.01,2E+017,30,800,0.869404387831994
2018-03-01,07:30:01.470847,5500,2800,0,0.025,0.025,0.16,0.8,0.05,0.01,2E+017,30,800,0
2018-03-01,07:30:12.672429,5000,2800,1692332.52528024,0.025,0.05,0.16,0.8,0.05,0.01,2E+017,30,800,1.38715780760675
2018-03-01,07:30:22.596517,5250,2800,733092.887728716,0.025,0.05,0.16,0.8,0.05,0.01,2E+017,30,800,0.600895809613701
2018-03-01,07:30:29.600121,5500,2800,0,0.025,0.05,0.16,0.8,0.05,0.01,2E+017,30,800,0
2018-03-01,07:30:39.653257,5000,2800,2045359.06032158,0.05,1E-05,0.16,0.8,0.05,0.01,2E+017,30,800,1.67652381993572
2018-03-01,07:30:47.297760,5250,2800,1530613.26702129,0.05,1E-05,0.16,0.8,0.05,0.01,2E+017,30,800,1.25460103854204
2018-03-01,07:30:55.611116,5500,2800,372478.825814685,0.05,1E-05,0.16,0.8,0.05,0.01,2E+017,30,800,0.305310512962857
2018-03-01,07:31:08.226277,5000,2800,1933155.23138875,0.05,0.01,0.16,0.8,0.05,0.01,2E+017,30,800,1.58455346835144
2018-03-01,07:31:18.399713,5250,2800,1332749.80004976,0.05,0.01,0.16,0.8,0.05,0.01,2E+017,30,800,1.09241786889324
2018-03-01,07:31:26.430963,5500,2800,0,0.05,0.01,0.16,0.8,0.05,0.01,2E+017,30,800,0
2018-03-01,07:31:38.095656,5000,2800,1813881.09947804,0.05,0.025,0.16,0.8,0.05,0.01,2E+017,30,800,1.48678778645741
2018-03-01,07:31:48.563816,5250,2800,1067722.62944594,0.05,0.025,0.16,0.8,0.05,0.01,2E+017,30,800,0.875182483152413
2018-03-01,07:31:56.675912,5500,2800,0,0.05,0.025,0.16,0.8,0.05,0.01,2E+017,30,800,0
2018-03-01,07:32:09.599450,5000,2800,1699406.09800671,0.05,0.05,0.16,0.8,0.05,0.01,2E+017,30,800,1.39295581803829
2018-03-01,07:32:21.214435,5250,2800,726401.701412195,0.05,0.05,0.16,0.8,0.05,0.01,2E+017,30,800,0.595411230665734
2018-03-01,07:32:29.183361,5500,2800,0,0.05,0.05,0.16,0.8,0.05,0.01,2E+017,30,800,0
2018-03-01,08:12:04.965030,5000,2400,3480000,1E-05,1E-05,0.16,0.8,0.05,0.01,2000000000000000,100,800,2.85245901639344
2018-03-01,08:12:15.979199,5250,2400,3480000,1E-05,1E-05,0.16,0.8,0.05,0.01,2000000000000000,100,800,2.85245901639344
2018-03-01,08:12:26.024704,5500,2400,3480000,1E-05,1E-05,0.16,0.8,0.05,0.01,2000000000000000,100,800,2.85245901639344
2018-03-01,08:12:40.106242,5000,2400,3480000,1E-05,0.01,0.16,0.8,0.05,0.01,2000000000000000,100,800,2.85245901639344
2018-03-01,08:12:53.112020,5250,2400,3480000,1E-05,0.01,0.16,0.8,0.05,0.01,2000000000000000,100,800,2.85245901639344
2018-03-01,08:13:04.496340,5500,2400,3480000,1E-05,0.01,0.16,0.8,0.05,0.01,2000000000000000,100,800,2.85245901639344
2018-03-01,08:13:18.416197,5000,2400,3480000,1E-05,0.025,0.16,0.8,0.05,0.01,2000000000000000,100,800,2.85245901639344
2018-03-01,08:13:31.129483,5250,2400,3480000,1E-05,0.025,0.16,0.8,0.05,0.01,2000000000000000,100,800,2.85245901639344
2018-03-01,08:13:44.767964,5500,2400,3480000,1E-05,0.025,0.16,0.8,0.05,0.01,2000000000000000,100,800,2.85245901639344
2018-03-01,08:13:57.494724,5000,2400,3480000,1E-05,0.05,0.16,0.8,0.05,0.01,2000000000000000,100,800,2.85245901639344
2018-03-01,08:14:11.513314,5250,2400,3480000,1E-05,0.05,0.16,0.8,0.05,0.01,2000000000000000,100,800,2.85245901639344
2018-03-01,08:14:24.486146,5500,2400,3480000,1E-05,0.05,0.16,0.8,0.05,0.01,2000000000000000,100,800,2.85245901639344
2018-03-01,08:14:33.679609,5000,2400,3480000,0.01,1E-05,0.16,0.8,0.05,0.01,2000000000000000,100,800,2.85245901639344
2018-03-01,08:14:46.798045,5250,2400,3480000,0.01,1E-05,0.16,0.8,0.05,0.01,2000000000000000,100,800,2.85245901639344
2018-03-01,08:14:56.399321,5500,2400,3480000,0.01,1E-05,0.16,0.8,0.05,0.01,2000000000000000,100,800,2.85245901639344
2018-03-01,08:15:06.983976,5000,2400,3480000,0.01,0.01,0.16,0.8,0.05,0.01,2000000000000000,100,800,2.85245901639344
2018-03-01,08:15:18.365463,5250,2400,3480000,0.01,0.01,0.16,0.8,0.05,0.01,2000000000000000,100,800,2.85245901639344
2018-03-01,08:15:29.826629,5500,2400,3480000,0.01,0.01,0.16,0.8,0.05,0.01,2000000000000000,100,800,2.85245901639344
2018-03-01,08:15:42.569970,5000,2400,3480000,0.01,0.025,0.16,0.8,0.05,0.01,2000000000000000,100,800,2.85245901639344
2018-03-01,08:15:54.625840,5250,2400,3480000,0.01,0.025,0.16,0.8,0.05,0.01,2000000000000000,100,800,2.85245901639344
2018-03-01,08:16:05.575241,5500,2400,3480000,0.01,0.025,0.16,0.8,0.05,0.01,2000000000000000,100,800,2.85245901639344
2018-03-01,08:16:19.879805,5000,2400,3480000,0.01,0.05,0.16,0.8,0.05,0.01,2000000000000000,100,800,2.85245901639344
2018-03-01,08:16:32.028521,5250,2400,3480000,0.01,0.05,0.16,0.8,0.05,0.01,2000000000000000,100,800,2.85245901639344
2018-03-01,08:16:43.892810,5500,2400,3480000,0.01,0.05,0.16,0.8,0.05,0.01,2000000000000000,100,800,2.85245901639344
2018-03-01,08:16:54.865408,5000,2400,3480000,0.025,1E-05,0.16,0.8,0.05,0.01,2000000000000000,100,800,2.85245901639344
2018-03-01,08:17:05.316580,5250,2400,3480000,0.025,1E-05,0.16,0.8,0.05,0.01,2000000000000000,100,800,2.85245901639344
2018-03-01,08:17:14.047266,5500,2400,3480000,0.025,1E-05,0.16,0.8,0.05,0.01,2000000000000000,100,800,2.85245901639344
2018-03-01,08:17:27.729985,5000,2400,3480000,0.025,0.01,0.16,0.8,0.05,0.01,2000000000000000,100,800,2.85245901639344
2018-03-01,08:17:41.270009,5250,2400,3480000,0.025,0.01,0.16,0.8,0.05,0.01,2000000000000000,100,800,2.85245901639344
2018-03-01,08:17:49.864871,5500,2400,3421436.75026266,0.025,0.01,0.16,0.8,0.05,0.01,2000000000000000,100,800,2.80445635267431
2018-03-01,08:18:04.796865,5000,2400,3480000,0.025,0.025,0.16,0.8,0.05,0.01,2000000000000000,100,800,2.85245901639344
2018-03-01,08:18:18.095745,5250,2400,3480000,0.025,0.025,0.16,0.8,0.05,0.01,2000000000000000,100,800,2.85245901639344
2018-03-01,08:18:28.036624,5500,2400,3356503.92859266,0.025,0.025,0.16,0.8,0.05,0.01,2000000000000000,100,800,2.75123272835464
2018-03-01,08:18:44.168494,5000,2400,3480000,0.025,0.05,0.16,0.8,0.05,0.01,2000000000000000,100,800,2.85245901639344
2018-03-01,08:18:58.070130,5250,2400,3480000,0.025,0.05,0.16,0.8,0.05,0.01,2000000000000000,100,800,2.85245901639344
2018-03-01,08:19:07.747372,5500,2400,3332084.57691441,0.025,0.05,0.16,0.8,0.05,0.01,2000000000000000,100,800,2.73121686632329
2018-03-01,08:19:19.194980,5000,2400,3480000,0.05,1E-05,0.16,0.8,0.05,0.01,2000000000000000,100,800,2.85245901639344
2018-03-01,08:19:29.598552,5250,2400,3480000,0.05,1E-05,0.16,0.8,0.05,0.01,2000000000000000,100,800,2.85245901639344
2018-03-01,08:19:40.833143,5500,2400,3480000,0.05,1E-05,0.16,0.8,0.05,0.01,2000000000000000,100,800,2.85245901639344
2018-03-01,08:19:55.253429,5000,2400,3480000,0.05,0.01,0.16,0.8,0.05,0.01,2000000000000000,100,800,2.85245901639344
2018-03-01,08:20:08.004931,5250,2400,3480000,0.05,0.01,0.16,0.8,0.05,0.01,2000000000000000,100,800,2.85245901639344
2018-03-01,08:20:18.509230,5500,2400,3456867.75318367,0.05,0.01,0.16,0.8,0.05,0.01,2000000000000000,100,800,2.83349815834727
2018-03-01,08:20:33.111278,5000,2400,3480000,0.05,0.025,0.16,0.8,0.05,0.01,2000000000000000,100,800,2.85245901639344
2018-03-01,08:20:46.597316,5250,2400,3480000,0.05,0.025,0.16,0.8,0.05,0.01,2000000000000000,100,800,2.85245901639344
2018-03-01,08:20:59.195015,5500,2400,3364088.53541295,0.05,0.025,0.16,0.8,0.05,0.01,2000000000000000,100,800,2.75744961919094
2018-03-01,08:21:14.641090,5000,2400,3480000,0.05,0.05,0.16,0.8,0.05,0.01,2000000000000000,100,800,2.85245901639344
2018-03-01,08:21:29.050930,5250,2400,3480000,0.05,0.05,0.16,0.8,0.05,0.01,2000000000000000,100,800,2.85245901639344
2018-03-01,08:21:40.271967,5500,2400,3254760.88392327,0.05,0.05,0.16,0.8,0.05,0.01,2000000000000000,100,800,2.66783679010104
2018-03-01,08:21:49.514671,5000,2400,3052147.72741471,1E-05,1E-05,0.16,0.8,0.05,0.01,2E+016,100,800,2.50176043230714
2018-03-01,08:21:57.877834,5250,2400,2876432.54994983,1E-05,1E-05,0.16,0.8,0.05,0.01,2E+016,100,800,2.35773159831953
2018-03-01,08:22:06.311879,5500,2400,2700354.92466631,1E-05,1E-05,0.16,0.8,0.05,0.01,2E+016,100,800,2.21340567595599
2018-03-01,08:22:17.209425,5000,2400,2978868.57301864,1E-05,0.01,0.16,0.8,0.05,0.01,2E+016,100,800,2.44169555165462
2018-03-01,08:22:28.761565,5250,2400,2798560.64031865,1E-05,0.01,0.16,0.8,0.05,0.01,2E+016,100,800,2.29390216419561
2018-03-01,08:22:38.398302,5500,2400,2625790.50664802,1E-05,0.01,0.16,0.8,0.05,0.01,2E+016,100,800,2.15228730053116
2018-03-01,08:22:50.079437,5000,2400,2983179.89002583,1E-05,0.025,0.16,0.8,0.05,0.01,2E+016,100,800,2.44522941805396
2018-03-01,08:23:01.169018,5250,2400,2788600.40618813,1E-05,0.025,0.16,0.8,0.05,0.01,2E+016,100,800,2.28573803785912
2018-03-01,08:23:12.249912,5500,2400,2607901.55647434,1E-05,0.025,0.16,0.8,0.05,0.01,2E+016,100,800,2.13762422661831
2018-03-01,08:23:22.585778,5000,2400,2979065.09300764,1E-05,0.05,0.16,0.8,0.05,0.01,2E+016,100,800,2.44185663361282
2018-03-01,08:23:34.300313,5250,2400,2770369.91561307,1E-05,0.05,0.16,0.8,0.05,0.01,2E+016,100,800,2.2707950127976
2018-03-01,08:23:44.360603,5500,2400,2581054.37910689,1E-05,0.05,0.16,0.8,0.05,0.01,2E+016,100,800,2.11561834353024
2018-03-01,08:23:50.457447,5000,2400,2899943.57780759,0.01,1E-05,0.16,0.8,0.05,0.01,2E+016,100,800,2.37700293262917
2018-03-01,08:24:02.214219,5250,2400,2843037.95049736,0.01,1E-05,0.16,0.8,0.05,0.01,2E+016,100,800,2.33035897581751
2018-03-01,08:24:09.625638,5500,2400,2629317.66411455,0.01,1E-05,0.16,0.8,0.05,0.01,2E+016,100,800,2.15517841320864
2018-03-01,08:24:17.602804,5000,2400,2834037.21541899,0.01,0.01,0.16,0.8,0.05,0.01,2E+016,100,800,2.32298132411392
2018-03-01,08:24:26.404468,5250,2400,2660226.17897242,0.01,0.01,0.16,0.8,0.05,0.01,2E+016,100,800,2.1805132614528
2018-03-01,08:24:33.956281,5500,2400,2573911.03277661,0.01,0.01,0.16,0.8,0.05,0.01,2E+016,100,800,2.10976314162017
2018-03-01,08:24:42.867840,5000,2400,2845454.0994394,0.01,0.025,0.16,0.8,0.05,0.01,2E+016,100,800,2.33233942577
2018-03-01,08:24:51.759271,5250,2400,2646235.28788568,0.01,0.025,0.16,0.8,0.05,0.01,2E+016,100,800,2.16904531793908
2018-03-01,08:24:59.930779,5500,2400,2536593.38351063,0.01,0.025,0.16,0.8,0.05,0.01,2E+016,100,800,2.07917490451691
2018-03-01,08:25:09.876518,5000,2400,2861514.61449608,0.01,0.05,0.16,0.8,0.05,0.01,2E+016,100,800,2.34550378237384
2018-03-01,08:25:18.574714,5250,2400,2606377.5259876,0.01,0.05,0.16,0.8,0.05,0.01,2E+016,100,800,2.13637502130131
2018-03-01,08:25:26.845523,5500,2400,2476949.22881565,0.01,0.05,0.16,0.8,0.05,0.01,2E+016,100,800,2.03028625312758
2018-03-01,08:25:36.193661,5000,2400,2899036.62671441,0.025,1E-05,0.16,0.8,0.05,0.01,2E+016,100,800,2.37625953009378
2018-03-01,08:25:44.478651,5250,2400,2629316.01875068,0.025,1E-05,0.16,0.8,0.05,0.01,2E+016,100,800,2.15517706454974
2018-03-01,08:25:51.620157,5500,2400,2348362.99520113,0.025,1E-05,0.16,0.8,0.05,0.01,2E+016,100,800,1.92488770098453
2018-03-01,08:26:01.271877,5000,2400,2851158.04438008,0.025,0.01,0.16,0.8,0.05,0.01,2E+016,100,800,2.33701479047548
2018-03-01,08:26:10.626765,5250,2400,2551911.64453762,0.025,0.01,0.16,0.8,0.05,0.01,2E+016,100,800,2.09173085617837
2018-03-01,08:26:18.097267,5500,2400,2216361.65336115,0.025,0.01,0.16,0.8,0.05,0.01,2E+016,100,800,1.81668987980422
2018-03-01,08:26:28.901473,5000,2400,2829732.13039462,0.025,0.025,0.16,0.8,0.05,0.01,2E+016,100,800,2.31945256589723
2018-03-01,08:26:38.168187,5250,2400,2495882.3074305,0.025,0.025,0.16,0.8,0.05,0.01,2E+016,100,800,2.045805170025
2018-03-01,08:26:46.922212,5500,2400,2139306.42613663,0.025,0.025,0.16,0.8,0.05,0.01,2E+016,100,800,1.75352985748904
2018-03-01,08:26:59.543163,5000,2400,2824789.43950444,0.025,0.05,0.16,0.8,0.05,0.01,2E+016,100,800,2.31540117992167
2018-03-01,08:27:10.158151,5250,2400,2456168.02477431,0.025,0.05,0.16,0.8,0.05,0.01,2E+016,100,800,2.01325247932321
2018-03-01,08:27:18.812072,5500,2400,2102471.03801183,0.025,0.05,0.16,0.8,0.05,0.01,2E+016,100,800,1.72333691640314
2018-03-01,08:27:28.348459,5000,2400,2923627.0524087,0.05,1E-05,0.16,0.8,0.05,0.01,2E+016,100,800,2.39641561672844
2018-03-01,08:27:37.236324,5250,2400,2654348.92128722,0.05,1E-05,0.16,0.8,0.05,0.01,2E+016,100,800,2.17569583712067
2018-03-01,08:27:45.076482,5500,2400,2343151.61787354,0.05,1E-05,0.16,0.8,0.05,0.01,2E+016,100,800,1.92061608022422
2018-03-01,08:27:55.815251,5000,2400,2879498.34072261,0.05,0.01,0.16,0.8,0.05,0.01,2E+016,100,800,2.36024454157591
2018-03-01,08:28:05.085264,5250,2400,2593917.44622582,0.05,0.01,0.16,0.8,0.05,0.01,2E+016,100,800,2.12616184116871
2018-03-01,08:28:14.742497,5500,2400,2257410.59954436,0.05,0.01,0.16,0.8,0.05,0.01,2E+016,100,800,1.85033655700357
2018-03-01,08:28:24.830520,5000,2400,2842003.21449455,0.05,0.025,0.16,0.8,0.05,0.01,2E+016,100,800,2.32951083155291
2018-03-01,08:28:35.077118,5250,2400,2519501.37977459,0.05,0.025,0.16,0.8,0.05,0.01,2E+016,100,800,2.06516506538901
2018-03-01,08:28:44.850387,5500,2400,2159884.77702759,0.05,0.025,0.16,0.8,0.05,0.01,2E+016,100,800,1.77039735821934
2018-03-01,08:28:55.506607,5000,2400,2803357.27705073,0.05,0.05,0.16,0.8,0.05,0.01,2E+016,100,800,2.29783383364814
2018-03-01,08:29:06.673570,5250,2400,2439082.66136965,0.05,0.05,0.16,0.8,0.05,0.01,2E+016,100,800,1.99924808308988
2018-03-01,08:29:17.721067,5500,2400,2022086.09340356,0.05,0.05,0.16,0.8,0.05,0.01,2E+016,100,800,1.6574476175439
2018-03-01,08:29:26.554869,5000,2400,2151808.72523632,1E-05,1E-05,0.16,0.8,0.05,0.01,2E+017,100,800,1.76377764363633
2018-03-01,08:29:34.032517,5250,2400,1816962.09816368,1E-05,1E-05,0.16,0.8,0.05,0.01,2E+017,100,800,1.48931319521613
2018-03-01,08:29:41.950362,5500,2400,1294623.41593402,1E-05,1E-05,0.16,0.8,0.05,0.01,2E+017,100,800,1.06116673437214
2018-03-01,08:29:51.429014,5000,2400,2055841.06855283,1E-05,0.01,0.16,0.8,0.05,0.01,2E+017,100,800,1.68511562996134
2018-03-01,08:30:01.408798,5250,2400,1688099.06996106,1E-05,0.01,0.16,0.8,0.05,0.01,2E+017,100,800,1.38368776226316
2018-03-01,08:30:11.091516,5500,2400,1093948.74304399,1E-05,0.01,0.16,0.8,0.05,0.01,2E+017,100,800,0.896679297577037
2018-03-01,08:30:21.758792,5000,2400,2055300.04127791,1E-05,0.025,0.16,0.8,0.05,0.01,2E+017,100,800,1.6846721649819
2018-03-01,08:30:31.699741,5250,2400,1663405.16543036,1E-05,0.025,0.16,0.8,0.05,0.01,2E+017,100,800,1.36344685691013
2018-03-01,08:30:42.222708,5500,2400,1028041.10929197,1E-05,0.025,0.16,0.8,0.05,0.01,2E+017,100,800,0.84265664696063
2018-03-01,08:30:52.516049,5000,2400,2064602.19940812,1E-05,0.05,0.16,0.8,0.05,0.01,2E+017,100,800,1.69229688476076
2018-03-01,08:31:02.735177,5250,2400,1662087.60723962,1E-05,0.05,0.16,0.8,0.05,0.01,2E+017,100,800,1.36236689118001
2018-03-01,08:31:12.794221,5500,2400,993254.254153648,1E-05,0.05,0.16,0.8,0.05,0.01,2E+017,100,800,0.814142831273482
2018-03-01,08:31:19.000247,5000,2400,1972821.99925099,0.01,1E-05,0.16,0.8,0.05,0.01,2E+017,100,800,1.61706721250081
2018-03-01,08:31:30.270722,5250,2400,1773234.24641314,0.01,1E-05,0.16,0.8,0.05,0.01,2E+017,100,800,1.45347069378126
2018-03-01,08:31:38.648909,5500,2400,1158789.8486995,0.01,1E-05,0.16,0.8,0.05,0.01,2E+017,100,800,0.949827744835653
2018-03-01,08:31:45.013588,5000,2400,1858351.69280535,0.01,0.01,0.16,0.8,0.05,0.01,2E+017,100,800,1.5232390924634
2018-03-01,08:31:52.564519,5250,2400,1259070.41196933,0.01,0.01,0.16,0.8,0.05,0.01,2E+017,100,800,1.03202492784371
2018-03-01,08:31:59.672341,5500,2400,303595.744764301,0.01,0.01,0.16,0.8,0.05,0.01,2E+017,100,800,0.24884897111828
2018-03-01,08:32:08.327194,5000,2400,1852704.83821956,0.01,0.025,0.16,0.8,0.05,0.01,2E+017,100,800,1.51861052313078
2018-03-01,08:32:15.499453,5250,2400,1266566.31496138,0.01,0.025,0.16,0.8,0.05,0.01,2E+017,100,800,1.03816911062408
2018-03-01,08:32:21.914779,5500,2400,0,0.01,0.025,0.16,0.8,0.05,0.01,2E+017,100,800,0
2018-03-01,08:32:32.449182,5000,2400,1864727.90145389,0.01,0.05,0.16,0.8,0.05,0.01,2E+017,100,800,1.52846549299499
2018-03-01,08:32:40.230549,5250,2400,1251090.7229306,0.01,0.05,0.16,0.8,0.05,0.01,2E+017,100,800,1.02548419912344
2018-03-01,08:32:46.632277,5500,2400,0,0.01,0.05,0.16,0.8,0.05,0.01,2E+017,100,800,0
2018-03-01,08:32:54.436461,5000,2400,1966458.58294837,0.025,1E-05,0.16,0.8,0.05,0.01,2E+017,100,800,1.61185129749866
2018-03-01,08:33:01.918587,5250,2400,1422409.6629116,0.025,1E-05,0.16,0.8,0.05,0.01,2E+017,100,800,1.16590955976361
2018-03-01,08:33:07.081732,5500,2400,0,0.025,1E-05,0.16,0.8,0.05,0.01,2E+017,100,800,0
2018-03-01,08:33:16.500426,5000,2400,1866546.42987397,0.025,0.01,0.16,0.8,0.05,0.01,2E+017,100,800,1.52995609006063
2018-03-01,08:33:24.919417,5250,2400,1215348.11204249,0.025,0.01,0.16,0.8,0.05,0.01,2E+017,100,800,0.996186977084012
2018-03-01,08:33:31.300550,5500,2400,0,0.025,0.01,0.16,0.8,0.05,0.01,2E+017,100,800,0
2018-03-01,08:33:41.592274,5000,2400,1833954.49382168,0.025,0.025,0.16,0.8,0.05,0.01,2E+017,100,800,1.50324138837843
2018-03-01,08:33:50.645384,5250,2400,1099870.84906307,0.025,0.025,0.16,0.8,0.05,0.01,2E+017,100,800,0.901533482838584
2018-03-01,08:33:56.995864,5500,2400,0,0.025,0.025,0.16,0.8,0.05,0.01,2E+017,100,800,0
2018-03-01,08:34:10.661883,5000,2400,1822421.27649458,0.025,0.05,0.16,0.8,0.05,0.01,2E+017,100,800,1.49378793155293
2018-03-01,08:34:21.008716,5250,2400,1012283.59550294,0.025,0.05,0.16,0.8,0.05,0.01,2E+017,100,800,0.829740652051594
2018-03-01,08:34:27.498193,5500,2400,0,0.025,0.05,0.16,0.8,0.05,0.01,2E+017,100,800,0
2018-03-01,08:34:35.946480,5000,2400,1987788.64270731,0.05,1E-05,0.16,0.8,0.05,0.01,2E+017,100,800,1.62933495303878
2018-03-01,08:34:44.777455,5250,2400,1454230.10227001,0.05,1E-05,0.16,0.8,0.05,0.01,2E+017,100,800,1.19199188710657
2018-03-01,08:34:51.789081,5500,2400,0,0.05,1E-05,0.16,0.8,0.05,0.01,2E+017,100,800,0
2018-03-01,08:35:01.997987,5000,2400,1891994.87846034,0.05,0.01,0.16,0.8,0.05,0.01,2E+017,100,800,1.55081547414782
2018-03-01,08:35:11.018498,5250,2400,1279797.89080357,0.05,0.01,0.16,0.8,0.05,0.01,2E+017,100,800,1.04901466459309
2018-03-01,08:35:19.488790,5500,2400,0,0.05,0.01,0.16,0.8,0.05,0.01,2E+017,100,800,0
2018-03-01,08:35:30.264746,5000,2400,1847784.84889405,0.05,0.025,0.16,0.8,0.05,0.01,2E+017,100,800,1.51457774499512
2018-03-01,08:35:39.627020,5250,2400,1150831.04190092,0.05,0.025,0.16,0.8,0.05,0.01,2E+017,100,800,0.943304132705669
2018-03-01,08:35:49.092698,5500,2400,0,0.05,0.025,0.16,0.8,0.05,0.01,2E+017,100,800,0
2018-03-01,08:36:00.590575,5000,2400,1808355.48456767,0.05,0.05,0.16,0.8,0.05,0.01,2E+017,100,800,1.48225859390793
2018-03-01,08:36:11.354873,5250,2400,998614.999140928,0.05,0.05,0.16,0.8,0.05,0.01,2E+017,100,800,0.818536884541744
2018-03-01,08:36:19.804634,5500,2400,0,0.05,0.05,0.16,0.8,0.05,0.01,2E+017,100,800,0
2018-03-01,08:36:32.125803,5000,2400,3480000,1E-05,1E-05,0.16,0.8,0.05,0.01,2000000000000000,1000,800,2.85245901639344
2018-03-01,08:36:43.880092,5250,2400,3480000,1E-05,1E-05,0.16,0.8,0.05,0.01,2000000000000000,1000,800,2.85245901639344
2018-03-01,08:36:56.285551,5500,2400,3480000,1E-05,1E-05,0.16,0.8,0.05,0.01,2000000000000000,1000,800,2.85245901639344
2018-03-01,08:37:06.872654,5000,2400,3480000,1E-05,0.01,0.16,0.8,0.05,0.01,2000000000000000,1000,800,2.85245901639344
2018-03-01,08:37:17.215712,5250,2400,3480000,1E-05,0.01,0.16,0.8,0.05,0.01,2000000000000000,1000,800,2.85245901639344
2018-03-01,08:37:28.171779,5500,2400,3480000,1E-05,0.01,0.16,0.8,0.05,0.01,2000000000000000,1000,800,2.85245901639344
2018-03-01,08:37:39.171029,5000,2400,3480000,1E-05,0.025,0.16,0.8,0.05,0.01,2000000000000000,1000,800,2.85245901639344
2018-03-01,08:37:49.637872,5250,2400,3480000,1E-05,0.025,0.16,0.8,0.05,0.01,2000000000000000,1000,800,2.85245901639344
2018-03-01,08:38:00.733394,5500,2400,3480000,1E-05,0.025,0.16,0.8,0.05,0.01,2000000000000000,1000,800,2.85245901639344
2018-03-01,08:38:11.119141,5000,2400,3480000,1E-05,0.05,0.16,0.8,0.05,0.01,2000000000000000,1000,800,2.85245901639344
2018-03-01,08:38:20.999500,5250,2400,3480000,1E-05,0.05,0.16,0.8,0.05,0.01,2000000000000000,1000,800,2.85245901639344
2018-03-01,08:38:32.457365,5500,2400,3480000,1E-05,0.05,0.16,0.8,0.05,0.01,2000000000000000,1000,800,2.85245901639344
2018-03-01,08:38:42.912569,5000,2400,3480000,0.01,1E-05,0.16,0.8,0.05,0.01,2000000000000000,1000,800,2.85245901639344
2018-03-01,08:38:54.160826,5250,2400,3480000,0.01,1E-05,0.16,0.8,0.05,0.01,2000000000000000,1000,800,2.85245901639344
2018-03-01,08:39:03.415353,5500,2400,3480000,0.01,1E-05,0.16,0.8,0.05,0.01,2000000000000000,1000,800,2.85245901639344
2018-03-01,08:39:12.338521,5000,2400,3480000,0.01,0.01,0.16,0.8,0.05,0.01,2000000000000000,1000,800,2.85245901639344
2018-03-01,08:39:20.669930,5250,2400,3480000,0.01,0.01,0.16,0.8,0.05,0.01,2000000000000000,1000,800,2.85245901639344
2018-03-01,08:39:28.747844,5500,2400,3480000,0.01,0.01,0.16,0.8,0.05,0.01,2000000000000000,1000,800,2.85245901639344
2018-03-01,08:39:38.530463,5000,2400,3480000,0.01,0.025,0.16,0.8,0.05,0.01,2000000000000000,1000,800,2.85245901639344
2018-03-01,08:39:47.289756,5250,2400,3480000,0.01,0.025,0.16,0.8,0.05,0.01,2000000000000000,1000,800,2.85245901639344
2018-03-01,08:39:56.225100,5500,2400,3480000,0.01,0.025,0.16,0.8,0.05,0.01,2000000000000000,1000,800,2.85245901639344
2018-03-01,08:40:06.852401,5000,2400,3480000,0.01,0.05,0.16,0.8,0.05,0.01,2000000000000000,1000,800,2.85245901639344
2018-03-01,08:40:15.708322,5250,2400,3480000,0.01,0.05,0.16,0.8,0.05,0.01,2000000000000000,1000,800,2.85245901639344
2018-03-01,08:40:25.464109,5500,2400,3480000,0.01,0.05,0.16,0.8,0.05,0.01,2000000000000000,1000,800,2.85245901639344
2018-03-01,08:40:36.911236,5000,2400,3480000,0.025,1E-05,0.16,0.8,0.05,0.01,2000000000000000,1000,800,2.85245901639344
2018-03-01,08:40:47.465365,5250,2400,3480000,0.025,1E-05,0.16,0.8,0.05,0.01,2000000000000000,1000,800,2.85245901639344
2018-03-01,08:40:56.600886,5500,2400,3480000,0.025,1E-05,0.16,0.8,0.05,0.01,2000000000000000,1000,800,2.85245901639344
2018-03-01,08:41:07.131041,5000,2400,3480000,0.025,0.01,0.16,0.8,0.05,0.01,2000000000000000,1000,800,2.85245901639344
2018-03-01,08:41:16.857732,5250,2400,3480000,0.025,0.01,0.16,0.8,0.05,0.01,2000000000000000,1000,800,2.85245901639344
2018-03-01,08:41:25.170476,5500,2400,3480000,0.025,0.01,0.16,0.8,0.05,0.01,2000000000000000,1000,800,2.85245901639344
2018-03-01,08:41:36.530642,5000,2400,3480000,0.025,0.025,0.16,0.8,0.05,0.01,2000000000000000,1000,800,2.85245901639344
2018-03-01,08:41:47.494231,5250,2400,3480000,0.025,0.025,0.16,0.8,0.05,0.01,2000000000000000,1000,800,2.85245901639344
2018-03-01,08:41:53.786450,5500,2400,3385139.99035885,0.025,0.025,0.16,0.8,0.05,0.01,2000000000000000,1000,800,2.77470491013021
2018-03-01,08:42:05.434491,5000,2400,3480000,0.025,0.05,0.16,0.8,0.05,0.01,2000000000000000,1000,800,2.85245901639344
2018-03-01,08:42:14.257141,5250,2400,3435647.53004597,0.025,0.05,0.16,0.8,0.05,0.01,2000000000000000,1000,800,2.81610453282457
2018-03-01,08:42:21.463408,5500,2400,3134750.31612125,0.025,0.05,0.16,0.8,0.05,0.01,2000000000000000,1000,800,2.56946747223054
2018-03-01,08:42:32.373923,5000,2400,3480000,0.05,1E-05,0.16,0.8,0.05,0.01,2000000000000000,1000,800,2.85245901639344
2018-03-01,08:42:43.190542,5250,2400,3480000,0.05,1E-05,0.16,0.8,0.05,0.01,2000000000000000,1000,800,2.85245901639344
2018-03-01,08:42:53.337393,5500,2400,3480000,0.05,1E-05,0.16,0.8,0.05,0.01,2000000000000000,1000,800,2.85245901639344
2018-03-01,08:43:04.477167,5000,2400,3480000,0.05,0.01,0.16,0.8,0.05,0.01,2000000000000000,1000,800,2.85245901639344
2018-03-01,08:43:14.564167,5250,2400,3480000,0.05,0.01,0.16,0.8,0.05,0.01,2000000000000000,1000,800,2.85245901639344
2018-03-01,08:43:24.436210,5500,2400,3480000,0.05,0.01,0.16,0.8,0.05,0.01,2000000000000000,1000,800,2.85245901639344
2018-03-01,08:43:35.230059,5000,2400,3480000,0.05,0.025,0.16,0.8,0.05,0.01,2000000000000000,1000,800,2.85245901639344
2018-03-01,08:43:45.899474,5250,2400,3480000,0.05,0.025,0.16,0.8,0.05,0.01,2000000000000000,1000,800,2.85245901639344
2018-03-01,08:43:57.969125,5500,2400,3480000,0.05,0.025,0.16,0.8,0.05,0.01,2000000000000000,1000,800,2.85245901639344
2018-03-01,08:44:09.111770,5000,2400,3480000,0.05,0.05,0.16,0.8,0.05,0.01,2000000000000000,1000,800,2.85245901639344
2018-03-01,08:44:17.989389,5250,2400,3461148.36929014,0.05,0.05,0.16,0.8,0.05,0.01,2000000000000000,1000,800,2.83700686007388
2018-03-01,08:44:26.488751,5500,2400,3230550.9267599,0.05,0.05,0.16,0.8,0.05,0.01,2000000000000000,1000,800,2.64799256291795
2018-03-01,08:44:34.621302,5000,2400,3346733.52221927,1E-05,1E-05,0.16,0.8,0.05,0.01,2E+016,1000,800,2.74322419854039
2018-03-01,08:44:43.530961,5250,2400,3227125.97806541,1E-05,1E-05,0.16,0.8,0.05,0.01,2E+016,1000,800,2.64518522792247
2018-03-01,08:44:52.958284,5500,2400,3113970.15438799,1E-05,1E-05,0.16,0.8,0.05,0.01,2E+016,1000,800,2.55243455277704
2018-03-01,08:45:01.943432,5000,2400,3119852.38103071,1E-05,0.01,0.16,0.8,0.05,0.01,2E+016,1000,800,2.55725605002517
2018-03-01,08:45:11.053770,5250,2400,2990798.29319577,1E-05,0.01,0.16,0.8,0.05,0.01,2E+016,1000,800,2.4514740108162
2018-03-01,08:45:19.663637,5500,2400,2884433.70557544,1E-05,0.01,0.16,0.8,0.05,0.01,2E+016,1000,800,2.36428992260282
2018-03-01,08:45:28.499356,5000,2400,2945429.66224843,1E-05,0.025,0.16,0.8,0.05,0.01,2E+016,1000,800,2.41428660840035
2018-03-01,08:45:37.261850,5250,2400,2793446.38527655,1E-05,0.025,0.16,0.8,0.05,0.01,2E+016,1000,800,2.28971015186603
2018-03-01,08:45:45.857998,5500,2400,2691375.07190965,1E-05,0.025,0.16,0.8,0.05,0.01,2E+016,1000,800,2.20604514090955
2018-03-01,08:45:55.173089,5000,2400,2813046.60381634,1E-05,0.05,0.16,0.8,0.05,0.01,2E+016,1000,800,2.30577590476749
2018-03-01,08:46:03.742618,5250,2400,2609401.63677742,1E-05,0.05,0.16,0.8,0.05,0.01,2E+016,1000,800,2.13885380063723
2018-03-01,08:46:12.416448,5500,2400,2487062.98445544,1E-05,0.05,0.16,0.8,0.05,0.01,2E+016,1000,800,2.03857621676675
2018-03-01,08:46:20.073306,5000,2400,3139520.68745882,0.01,1E-05,0.16,0.8,0.05,0.01,2E+016,1000,800,2.57337761267117
2018-03-01,08:46:28.772032,5250,2400,3155957.8181547,0.01,1E-05,0.16,0.8,0.05,0.01,2E+016,1000,800,2.58685067061861
2018-03-01,08:46:37.050901,5500,2400,3008063.47716111,0.01,1E-05,0.16,0.8,0.05,0.01,2E+016,1000,800,2.46562580095173
2018-03-01,08:46:43.654982,5000,2400,2982461.64275962,0.01,0.01,0.16,0.8,0.05,0.01,2E+016,1000,800,2.44464069078657
2018-03-01,08:46:50.383667,5250,2400,2832571.49789357,0.01,0.01,0.16,0.8,0.05,0.01,2E+016,1000,800,2.32177991630621
2018-03-01,08:46:57.447359,5500,2400,2781955.87236733,0.01,0.01,0.16,0.8,0.05,0.01,2E+016,1000,800,2.28029169866174
2018-03-01,08:47:05.200676,5000,2400,2800542.82031102,0.01,0.025,0.16,0.8,0.05,0.01,2E+016,1000,800,2.29552690189428
2018-03-01,08:47:11.752547,5250,2400,2528634.37786957,0.01,0.025,0.16,0.8,0.05,0.01,2E+016,1000,800,2.07265112940129
2018-03-01,08:47:18.356623,5500,2400,2507142.84257213,0.01,0.025,0.16,0.8,0.05,0.01,2E+016,1000,800,2.05503511686241
2018-03-01,08:47:26.045432,5000,2400,2699182.10091206,0.01,0.05,0.16,0.8,0.05,0.01,2E+016,1000,800,2.21244434500989
2018-03-01,08:47:32.363547,5250,2400,2317442.30211375,0.01,0.05,0.16,0.8,0.05,0.01,2E+016,1000,800,1.89954287058504
2018-03-01,08:47:39.719115,5500,2400,2205453.28747961,0.01,0.05,0.16,0.8,0.05,0.01,2E+016,1000,800,1.80774859629476
2018-03-01,08:47:48.122504,5000,2400,3104753.32502438,0.025,1E-05,0.16,0.8,0.05,0.01,2E+016,1000,800,2.54487977461015
2018-03-01,08:47:55.626152,5250,2400,2866301.2606987,0.025,1E-05,0.16,0.8,0.05,0.01,2E+016,1000,800,2.34942726286779
2018-03-01,08:48:02.658982,5500,2400,2643029.95597489,0.025,1E-05,0.16,0.8,0.05,0.01,2E+016,1000,800,2.16641799670073
2018-03-01,08:48:10.621775,5000,2400,3002569.3197478,0.025,0.01,0.16,0.8,0.05,0.01,2E+016,1000,800,2.46112239323591
2018-03-01,08:48:18.185677,5250,2400,2738945.31446605,0.025,0.01,0.16,0.8,0.05,0.01,2E+016,1000,800,2.24503714300496
2018-03-01,08:48:24.286906,5500,2400,2468995.61781173,0.025,0.01,0.16,0.8,0.05,0.01,2E+016,1000,800,2.02376689984568
2018-03-01,08:48:33.567662,5000,2400,2837217.46437921,0.025,0.025,0.16,0.8,0.05,0.01,2E+016,1000,800,2.32558808555673
2018-03-01,08:48:41.543280,5250,2400,2513803.03474047,0.025,0.025,0.16,0.8,0.05,0.01,2E+016,1000,800,2.06049429077088
2018-03-01,08:48:47.483613,5500,2400,2128879.34273609,0.025,0.025,0.16,0.8,0.05,0.01,2E+016,1000,800,1.74498306781647
2018-03-01,08:48:55.892176,5000,2400,2681217.95919916,0.025,0.05,0.16,0.8,0.05,0.01,2E+016,1000,800,2.19771963868783
2018-03-01,08:49:03.711655,5250,2400,2265323.42277769,0.025,0.05,0.16,0.8,0.05,0.01,2E+016,1000,800,1.85682247768663
2018-03-01,08:49:10.145679,5500,2400,1703349.56017208,0.025,0.05,0.16,0.8,0.05,0.01,2E+016,1000,800,1.39618816407547
2018-03-01,08:49:18.304077,5000,2400,3085669.04082394,0.05,1E-05,0.16,0.8,0.05,0.01,2E+016,1000,800,2.52923691870815
2018-03-01,08:49:26.572535,5250,2400,2835115.27431929,0.05,1E-05,0.16,0.8,0.05,0.01,2E+016,1000,800,2.32386497895024
2018-03-01,08:49:34.289610,5500,2400,2552961.70544942,0.05,1E-05,0.16,0.8,0.05,0.01,2E+016,1000,800,2.09259156184379
2018-03-01,08:49:42.149964,5000,2400,2998087.35076435,0.05,0.01,0.16,0.8,0.05,0.01,2E+016,1000,800,2.4574486481675
2018-03-01,08:49:50.189963,5250,2400,2747117.64229643,0.05,0.01,0.16,0.8,0.05,0.01,2E+016,1000,800,2.25173577237412
2018-03-01,08:49:58.102623,5500,2400,2460192.13482335,0.05,0.01,0.16,0.8,0.05,0.01,2E+016,1000,800,2.01655093018308
2018-03-01,08:50:07.333714,5000,2400,2840036.56387287,0.05,0.025,0.16,0.8,0.05,0.01,2E+016,1000,800,2.32789882284662
2018-03-01,08:50:15.440058,5250,2400,2555558.54325104,0.05,0.025,0.16,0.8,0.05,0.01,2E+016,1000,800,2.09472011741888
2018-03-01,08:50:24.745919,5500,2400,2323196.55218888,0.05,0.025,0.16,0.8,0.05,0.01,2E+016,1000,800,1.90425946900728
2018-03-01,08:50:33.121814,5000,2400,2671651.91743904,0.05,0.05,0.16,0.8,0.05,0.01,2E+016,1000,800,2.18987862085168
2018-03-01,08:50:41.614671,5250,2400,2296870.03382371,0.05,0.05,0.16,0.8,0.05,0.01,2E+016,1000,800,1.8826803555932
2018-03-01,08:50:49.498028,5500,2400,1858279.90233047,0.05,0.05,0.16,0.8,0.05,0.01,2E+016,1000,800,1.52318024781186
2018-03-01,08:50:56.979155,5000,2400,2412623.10516173,1E-05,1E-05,0.16,0.8,0.05,0.01,2E+017,1000,800,1.97755992226372
2018-03-01,08:51:05.632495,5250,2400,2178551.44074421,1E-05,1E-05,0.16,0.8,0.05,0.01,2E+017,1000,800,1.78569790224935
2018-03-01,08:51:15.113676,5500,2400,1773749.51699172,1E-05,1E-05,0.16,0.8,0.05,0.01,2E+017,1000,800,1.45389304671452
2018-03-01,08:51:23.087928,5000,2400,2186551.23827899,1E-05,0.01,0.16,0.8,0.05,0.01,2E+017,1000,800,1.79225511334344
2018-03-01,08:51:32.787529,5250,2400,1901451.15580952,1E-05,0.01,0.16,0.8,0.05,0.01,2E+017,1000,800,1.55856652115534
2018-03-01,08:51:40.959930,5500,2400,1313673.01341433,1E-05,0.01,0.16,0.8,0.05,0.01,2E+017,1000,800,1.07678115853634
2018-03-01,08:51:49.297940,5000,2400,1974666.35657735,1E-05,0.025,0.16,0.8,0.05,0.01,2E+017,1000,800,1.6185789808011
2018-03-01,08:51:57.584080,5250,2400,1615434.75514326,1E-05,0.025,0.16,0.8,0.05,0.01,2E+017,1000,800,1.32412684847808
2018-03-01,08:52:05.402026,5500,2400,632706.052567379,1E-05,0.025,0.16,0.8,0.05,0.01,2E+017,1000,800,0.518611518497851
2018-03-01,08:52:14.289795,5000,2400,1793363.05275393,1E-05,0.05,0.16,0.8,0.05,0.01,2E+017,1000,800,1.46996971537207
2018-03-01,08:52:22.508555,5250,2400,1294089.73080602,1E-05,0.05,0.16,0.8,0.05,0.01,2E+017,1000,800,1.06072928754591
2018-03-01,08:52:29.422941,5500,2400,0,1E-05,0.05,0.16,0.8,0.05,0.01,2E+017,1000,800,0
2018-03-01,08:52:36.202165,5000,2400,2233204.36996019,0.01,1E-05,0.16,0.8,0.05,0.01,2E+017,1000,800,1.83049538521327
2018-03-01,08:52:45.468241,5250,2400,2104325.31513325,0.01,1E-05,0.16,0.8,0.05,0.01,2E+017,1000,800,1.72485681568299
2018-03-01,08:52:54.781723,5500,2400,1686712.58267832,0.01,1E-05,0.16,0.8,0.05,0.01,2E+017,1000,800,1.38255129727731
2018-03-01,08:53:01.993285,5000,2400,2021318.97773891,0.01,0.01,0.16,0.8,0.05,0.01,2E+017,1000,800,1.65681883421222
2018-03-01,08:53:08.479457,5250,2400,1579185.41519001,0.01,0.01,0.16,0.8,0.05,0.01,2E+017,1000,800,1.29441427474591
2018-03-01,08:53:15.535526,5500,2400,364040.851988545,0.01,0.01,0.16,0.8,0.05,0.01,2E+017,1000,800,0.298394140974217
2018-03-01,08:53:22.899811,5000,2400,1766779.57496916,0.01,0.025,0.16,0.8,0.05,0.01,2E+017,1000,800,1.44817997948292
2018-03-01,08:53:29.544543,5250,2400,980193.945842252,0.01,0.025,0.16,0.8,0.05,0.01,2E+017,1000,800,0.803437660526436
2018-03-01,08:53:35.236543,5500,2400,0,0.01,0.025,0.16,0.8,0.05,0.01,2E+017,1000,800,0
2018-03-01,08:53:42.098238,5000,2400,1570979.03583852,0.01,0.05,0.16,0.8,0.05,0.01,2E+017,1000,800,1.28768773429387
2018-03-01,08:53:47.551376,5250,2400,0,0.01,0.05,0.16,0.8,0.05,0.01,2E+017,1000,800,0
2018-03-01,08:53:54.086853,5500,2400,0,0.01,0.05,0.16,0.8,0.05,0.01,2E+017,1000,800,0
2018-03-01,08:54:02.123069,5000,2400,2197822.11211397,0.025,1E-05,0.16,0.8,0.05,0.01,2E+017,1000,800,1.80149353451965
2018-03-01,08:54:09.696438,5250,2400,1784932.01328355,0.025,1E-05,0.16,0.8,0.05,0.01,2E+017,1000,800,1.4630590272816
2018-03-01,08:54:17.223154,5500,2400,878367.245492251,0.025,1E-05,0.16,0.8,0.05,0.01,2E+017,1000,800,0.719973152042829
2018-03-01,08:54:25.046351,5000,2400,2031513.94631577,0.025,0.01,0.16,0.8,0.05,0.01,2E+017,1000,800,1.6651753658326
2018-03-01,08:54:32.165029,5250,2400,1505349.06289711,0.025,0.01,0.16,0.8,0.05,0.01,2E+017,1000,800,1.23389267450583
2018-03-01,08:54:37.933075,5500,2400,0,0.025,0.01,0.16,0.8,0.05,0.01,2E+017,1000,800,0
2018-03-01,08:54:46.946998,5000,2400,1813113.66639597,0.025,0.025,0.16,0.8,0.05,0.01,2E+017,1000,800,1.48615874294752
2018-03-01,08:54:54.853873,5250,2400,1035334.45101075,0.025,0.025,0.16,0.8,0.05,0.01,2E+017,1000,800,0.848634795910448
2018-03-01,08:55:00.708063,5500,2400,0,0.025,0.025,0.16,0.8,0.05,0.01,2E+017,1000,800,0
2018-03-01,08:55:09.139867,5000,2400,1545692.88675593,0.025,0.05,0.16,0.8,0.05,0.01,2E+017,1000,800,1.26696138258683
2018-03-01,08:55:15.750482,5250,2400,0,0.025,0.05,0.16,0.8,0.05,0.01,2E+017,1000,800,0
2018-03-01,08:55:21.689936,5500,2400,0,0.025,0.05,0.16,0.8,0.05,0.01,2E+017,1000,800,0
2018-03-01,08:55:29.094124,5000,2400,2175423.52596193,0.05,1E-05,0.16,0.8,0.05,0.01,2E+017,1000,800,1.78313403767371
2018-03-01,08:55:36.820347,5250,2400,1739703.48666183,0.05,1E-05,0.16,0.8,0.05,0.01,2E+017,1000,800,1.42598646447691
2018-03-01,08:55:43.444177,5500,2400,0,0.05,1E-05,0.16,0.8,0.05,0.01,2E+017,1000,800,0
2018-03-01,08:55:50.774809,5000,2400,2017794.09475737,0.05,0.01,0.16,0.8,0.05,0.01,2E+017,1000,800,1.6539295858667
2018-03-01,08:55:58.478282,5250,2400,1503526.37038222,0.05,0.01,0.16,0.8,0.05,0.01,2E+017,1000,800,1.23239866424772
2018-03-01,08:56:05.385784,5500,2400,0,0.05,0.01,0.16,0.8,0.05,0.01,2E+017,1000,800,0
2018-03-01,08:56:13.232849,5000,2400,1807368.12742412,0.05,0.025,0.16,0.8,0.05,0.01,2E+017,1000,800,1.48144928477387
2018-03-01,08:56:20.990024,5250,2400,1107538.86019498,0.05,0.025,0.16,0.8,0.05,0.01,2E+017,1000,800,0.907818737864735
2018-03-01,08:56:28.703119,5500,2400,0,0.05,0.025,0.16,0.8,0.05,0.01,2E+017,1000,800,0
2018-03-01,08:56:37.110176,5000,2400,1525433.86821906,0.05,0.05,0.16,0.8,0.05,0.01,2E+017,1000,800,1.25035562968775
2018-03-01,08:56:44.821653,5250,2400,0,0.05,0.05,0.16,0.8,0.05,0.01,2E+017,1000,800,0
2018-03-01,08:56:52.301117,5500,2400,0,0.05,0.05,0.16,0.8,0.05,0.01,2E+017,1000,800,0
2018-03-01,08:57:03.218927,5000,2400,3480000,1E-05,1E-05,0.16,0.8,0.05,0.01,2000000000000000,30,800,2.85245901639344
2018-03-01,08:57:12.814614,5250,2400,3480000,1E-05,1E-05,0.16,0.8,0.05,0.01,2000000000000000,30,800,2.85245901639344
2018-03-01,08:57:22.249195,5500,2400,3480000,1E-05,1E-05,0.16,0.8,0.05,0.01,2000000000000000,30,800,2.85245901639344
2018-03-01,08:57:41.990393,5000,2400,3480000,1E-05,0.01,0.16,0.8,0.05,0.01,2000000000000000,30,800,2.85245901639344
2018-03-01,08:57:57.950901,5250,2400,3480000,1E-05,0.01,0.16,0.8,0.05,0.01,2000000000000000,30,800,2.85245901639344
2018-03-01,08:58:12.630111,5500,2400,3480000,1E-05,0.01,0.16,0.8,0.05,0.01,2000000000000000,30,800,2.85245901639344
2018-03-01,08:58:28.183766,5000,2400,3480000,1E-05,0.025,0.16,0.8,0.05,0.01,2000000000000000,30,800,2.85245901639344
2018-03-01,08:58:44.052440,5250,2400,3480000,1E-05,0.025,0.16,0.8,0.05,0.01,2000000000000000,30,800,2.85245901639344
2018-03-01,08:58:59.157115,5500,2400,3480000,1E-05,0.025,0.16,0.8,0.05,0.01,2000000000000000,30,800,2.85245901639344
2018-03-01,08:59:14.494512,5000,2400,3480000,1E-05,0.05,0.16,0.8,0.05,0.01,2000000000000000,30,800,2.85245901639344
2018-03-01,08:59:36.928583,5250,2400,3480000,1E-05,0.05,0.16,0.8,0.05,0.01,2000000000000000,30,800,2.85245901639344
2018-03-01,09:00:01.252199,5500,2400,3409251.94619588,1E-05,0.05,0.16,0.8,0.05,0.01,2000000000000000,30,800,2.79446880835727
2018-03-01,09:00:13.238293,5000,2400,3480000,0.01,1E-05,0.16,0.8,0.05,0.01,2000000000000000,30,800,2.85245901639344
2018-03-01,09:00:35.627418,5250,2400,3480000,0.01,1E-05,0.16,0.8,0.05,0.01,2000000000000000,30,800,2.85245901639344
2018-03-01,09:00:48.105645,5500,2400,3480000,0.01,1E-05,0.16,0.8,0.05,0.01,2000000000000000,30,800,2.85245901639344
2018-03-01,09:01:02.335569,5000,2400,3480000,0.01,0.01,0.16,0.8,0.05,0.01,2000000000000000,30,800,2.85245901639344
2018-03-01,09:01:20.620174,5250,2400,3480000,0.01,0.01,0.16,0.8,0.05,0.01,2000000000000000,30,800,2.85245901639344
2018-03-01,09:01:37.830395,5500,2400,3480000,0.01,0.01,0.16,0.8,0.05,0.01,2000000000000000,30,800,2.85245901639344
2018-03-01,09:01:53.637437,5000,2400,3480000,0.01,0.025,0.16,0.8,0.05,0.01,2000000000000000,30,800,2.85245901639344
2018-03-01,09:02:10.119296,5250,2400,3480000,0.01,0.025,0.16,0.8,0.05,0.01,2000000000000000,30,800,2.85245901639344
2018-03-01,09:02:27.310621,5500,2400,3480000,0.01,0.025,0.16,0.8,0.05,0.01,2000000000000000,30,800,2.85245901639344
2018-03-01,09:02:46.134565,5000,2400,3480000,0.01,0.05,0.16,0.8,0.05,0.01,2000000000000000,30,800,2.85245901639344
2018-03-01,09:02:58.637399,5250,2400,3468462.25659661,0.01,0.05,0.16,0.8,0.05,0.01,2000000000000000,30,800,2.84300184966935
2018-03-01,09:03:15.574572,5500,2400,3480000,0.01,0.05,0.16,0.8,0.05,0.01,2000000000000000,30,800,2.85245901639344
2018-03-01,09:03:28.471216,5000,2400,3480000,0.025,1E-05,0.16,0.8,0.05,0.01,2000000000000000,30,800,2.85245901639344
2018-03-01,09:03:38.904566,5250,2400,3480000,0.025,1E-05,0.16,0.8,0.05,0.01,2000000000000000,30,800,2.85245901639344
2018-03-01,09:03:50.038314,5500,2400,3480000,0.025,1E-05,0.16,0.8,0.05,0.01,2000000000000000,30,800,2.85245901639344
2018-03-01,09:04:02.842033,5000,2400,3480000,0.025,0.01,0.16,0.8,0.05,0.01,2000000000000000,30,800,2.85245901639344
2018-03-01,09:04:15.237697,5250,2400,3480000,0.025,0.01,0.16,0.8,0.05,0.01,2000000000000000,30,800,2.85245901639344
2018-03-01,09:04:26.535807,5500,2400,3415058.66826961,0.025,0.01,0.16,0.8,0.05,0.01,2000000000000000,30,800,2.79922841661444
2018-03-01,09:04:39.603341,5000,2400,3480000,0.025,0.025,0.16,0.8,0.05,0.01,2000000000000000,30,800,2.85245901639344
2018-03-01,09:04:49.486041,5250,2400,3392064.34547811,0.025,0.025,0.16,0.8,0.05,0.01,2000000000000000,30,800,2.78038061104763
2018-03-01,09:05:00.654253,5500,2400,3281940.14702845,0.025,0.025,0.16,0.8,0.05,0.01,2000000000000000,30,800,2.69011487461348
2018-03-01,09:05:17.561348,5000,2400,3480000,0.025,0.05,0.16,0.8,0.05,0.01,2000000000000000,30,800,2.85245901639344
2018-03-01,09:05:28.908899,5250,2400,3258497.99784409,0.025,0.05,0.16,0.8,0.05,0.01,2000000000000000,30,800,2.67089999823286
2018-03-01,09:05:40.637284,5500,2400,3127355.26286202,0.025,0.05,0.16,0.8,0.05,0.01,2000000000000000,30,800,2.56340595316559
2018-03-01,09:05:53.158858,5000,2400,3480000,0.05,1E-05,0.16,0.8,0.05,0.01,2000000000000000,30,800,2.85245901639344
2018-03-01,09:06:03.781826,5250,2400,3480000,0.05,1E-05,0.16,0.8,0.05,0.01,2000000000000000,30,800,2.85245901639344
2018-03-01,09:06:12.387435,5500,2400,3464369.89645402,0.05,1E-05,0.16,0.8,0.05,0.01,2000000000000000,30,800,2.83964745610985
2018-03-01,09:06:25.235035,5000,2400,3480000,0.05,0.01,0.16,0.8,0.05,0.01,2000000000000000,30,800,2.85245901639344
2018-03-01,09:06:37.989382,5250,2400,3480000,0.05,0.01,0.16,0.8,0.05,0.01,2000000000000000,30,800,2.85245901639344
2018-03-01,09:06:46.717475,5500,2400,3328668.54275512,0.05,0.01,0.16,0.8,0.05,0.01,2000000000000000,30,800,2.72841683832387
2018-03-01,09:07:01.126977,5000,2400,3480000,0.05,0.025,0.16,0.8,0.05,0.01,2000000000000000,30,800,2.85245901639344
2018-03-01,09:07:11.969401,5250,2400,3384128.7361134,0.05,0.025,0.16,0.8,0.05,0.01,2000000000000000,30,800,2.77387601320771
2018-03-01,09:07:24.341890,5500,2400,3170205.15884237,0.05,0.025,0.16,0.8,0.05,0.01,2000000000000000,30,800,2.59852881872326
2018-03-01,09:07:40.030987,5000,2400,3480000,0.05,0.05,0.16,0.8,0.05,0.01,2000000000000000,30,800,2.85245901639344
2018-03-01,09:07:52.328534,5250,2400,3258739.16978378,0.05,0.05,0.16,0.8,0.05,0.01,2000000000000000,30,800,2.67109768015064
2018-03-01,09:08:05.406094,5500,2400,3019288.09391142,0.05,0.05,0.16,0.8,0.05,0.01,2000000000000000,30,800,2.47482630648477
2018-03-01,09:08:14.861546,5000,2400,2890529.11246366,1E-05,1E-05,0.16,0.8,0.05,0.01,2E+016,30,800,2.3692861577571
2018-03-01,09:08:24.169075,5250,2400,2700778.70160877,1E-05,1E-05,0.16,0.8,0.05,0.01,2E+016,30,800,2.21375303410555
2018-03-01,09:08:33.833483,5500,2400,2517644.48402266,1E-05,1E-05,0.16,0.8,0.05,0.01,2E+016,30,800,2.06364301969071
2018-03-01,09:08:48.412506,5000,2400,2891882.38721925,1E-05,0.01,0.16,0.8,0.05,0.01,2E+016,30,800,2.37039539936004
2018-03-01,09:09:05.137306,5250,2400,2673924.58166146,1E-05,0.01,0.16,0.8,0.05,0.01,2E+016,30,800,2.19174146037824
2018-03-01,09:09:23.426765,5500,2400,2453031.247696,1E-05,0.01,0.16,0.8,0.05,0.01,2E+016,30,800,2.01068135057049
2018-03-01,09:09:41.957548,5000,2400,2853884.05497172,1E-05,0.025,0.16,0.8,0.05,0.01,2E+016,30,800,2.33924922538666
2018-03-01,09:09:55.507791,5250,2400,2624067.96969305,1E-05,0.025,0.16,0.8,0.05,0.01,2E+016,30,800,2.1508753849943
2018-03-01,09:10:12.475839,5500,2400,2387157.26757162,1E-05,0.025,0.16,0.8,0.05,0.01,2E+016,30,800,1.95668628489477
2018-03-01,09:10:28.682288,5000,2400,2749821.75055491,1E-05,0.05,0.16,0.8,0.05,0.01,2E+016,30,800,2.2539522545532
2018-03-01,09:10:44.227442,5250,2400,2502372.09358352,1E-05,0.05,0.16,0.8,0.05,0.01,2E+016,30,800,2.05112466687174
2018-03-01,09:10:58.359636,5500,2400,2258132.50152732,1E-05,0.05,0.16,0.8,0.05,0.01,2E+016,30,800,1.85092827994043
2018-03-01,09:11:06.950098,5000,2400,2831384.20646721,0.01,1E-05,0.16,0.8,0.05,0.01,2E+016,30,800,2.32080672661247
2018-03-01,09:11:21.611062,5250,2400,2680336.43328084,0.01,1E-05,0.16,0.8,0.05,0.01,2E+016,30,800,2.19699707645971
2018-03-01,09:11:29.804970,5500,2400,2446232.40663498,0.01,1E-05,0.16,0.8,0.05,0.01,2E+016,30,800,2.00510853002867
2018-03-01,09:11:43.707591,5000,2400,2747504.35291433,0.01,0.01,0.16,0.8,0.05,0.01,2E+016,30,800,2.25205274829044
2018-03-01,09:11:57.568349,5250,2400,2613055.35499267,0.01,0.01,0.16,0.8,0.05,0.01,2E+016,30,800,2.14184865163334
2018-03-01,09:12:07.555125,5500,2400,2484721.93567668,0.01,0.01,0.16,0.8,0.05,0.01,2E+016,30,800,2.03665732432514
2018-03-01,09:12:21.335826,5000,2400,2676250.66884442,0.01,0.025,0.16,0.8,0.05,0.01,2E+016,30,800,2.19364808921674
2018-03-01,09:12:31.733050,5250,2400,2513841.93621369,0.01,0.025,0.16,0.8,0.05,0.01,2E+016,30,800,2.06052617722434
2018-03-01,09:12:40.635802,5500,2400,2402130.5412132,0.01,0.025,0.16,0.8,0.05,0.01,2E+016,30,800,1.96895946001082
2018-03-01,09:12:53.011501,5000,2400,2588479.27043726,0.01,0.05,0.16,0.8,0.05,0.01,2E+016,30,800,2.12170432003054
2018-03-01,09:13:03.512730,5250,2400,2315805.29486971,0.01,0.05,0.16,0.8,0.05,0.01,2E+016,30,800,1.89820106136861
2018-03-01,09:13:13.029433,5500,2400,2200885.2381497,0.01,0.05,0.16,0.8,0.05,0.01,2E+016,30,800,1.80400429356533
2018-03-01,09:13:21.676048,5000,2400,2836661.53241352,0.025,1E-05,0.16,0.8,0.05,0.01,2E+016,30,800,2.32513240361764
2018-03-01,09:13:32.642066,5250,2400,2580293.64069142,0.025,1E-05,0.16,0.8,0.05,0.01,2E+016,30,800,2.11499478745198
2018-03-01,09:13:41.960854,5500,2400,2326897.99278174,0.025,1E-05,0.16,0.8,0.05,0.01,2E+016,30,800,1.90729343670635
2018-03-01,09:13:51.316907,5000,2400,2744416.56417363,0.025,0.01,0.16,0.8,0.05,0.01,2E+016,30,800,2.24952177391281
2018-03-01,09:14:01.798299,5250,2400,2447329.11969976,0.025,0.01,0.16,0.8,0.05,0.01,2E+016,30,800,2.00600747516374
2018-03-01,09:14:14.328228,5500,2400,2184217.86076129,0.025,0.01,0.16,0.8,0.05,0.01,2E+016,30,800,1.79034250882073
2018-03-01,09:14:27.106365,5000,2400,2644621.17631352,0.025,0.025,0.16,0.8,0.05,0.01,2E+016,30,800,2.16772227566682
2018-03-01,09:14:40.427315,5250,2400,2299116.57693721,0.025,0.025,0.16,0.8,0.05,0.01,2E+016,30,800,1.88452178437476
2018-03-01,09:14:56.171687,5500,2400,2024694.94102844,0.025,0.025,0.16,0.8,0.05,0.01,2E+016,30,800,1.65958601723643
2018-03-01,09:15:11.307857,5000,2400,2560408.84047922,0.025,0.05,0.16,0.8,0.05,0.01,2E+016,30,800,2.09869577088461
2018-03-01,09:15:24.835580,5250,2400,2156048.47446504,0.025,0.05,0.16,0.8,0.05,0.01,2E+016,30,800,1.76725284792216
2018-03-01,09:15:40.772214,5500,2400,1841670.56636494,0.025,0.05,0.16,0.8,0.05,0.01,2E+016,30,800,1.50956603800405
2018-03-01,09:15:53.167888,5000,2400,2865597.96259302,0.05,1E-05,0.16,0.8,0.05,0.01,2E+016,30,800,2.34885078901067
2018-03-01,09:16:04.687586,5250,2400,2584852.4064105,0.05,1E-05,0.16,0.8,0.05,0.01,2E+016,30,800,2.11873148066434
2018-03-01,09:16:16.287761,5500,2400,2273129.944764,0.05,1E-05,0.16,0.8,0.05,0.01,2E+016,30,800,1.8632212662
2018-03-01,09:16:28.511374,5000,2400,2766512.07312575,0.05,0.01,0.16,0.8,0.05,0.01,2E+016,30,800,2.26763284682438
2018-03-01,09:16:42.761504,5250,2400,2455050.32633918,0.05,0.01,0.16,0.8,0.05,0.01,2E+016,30,800,2.0123363330649
2018-03-01,09:16:56.100058,5500,2400,2101580.37610965,0.05,0.01,0.16,0.8,0.05,0.01,2E+016,30,800,1.72260686566365
2018-03-01,09:17:09.717132,5000,2400,2657324.04152303,0.05,0.025,0.16,0.8,0.05,0.01,2E+016,30,800,2.17813446026478
2018-03-01,09:17:23.782761,5250,2400,2302288.59858178,0.05,0.025,0.16,0.8,0.05,0.01,2E+016,30,800,1.88712180211621
2018-03-01,09:17:38.227292,5500,2400,1888671.22337802,0.05,0.025,0.16,0.8,0.05,0.01,2E+016,30,800,1.54809116670329
2018-03-01,09:17:54.848998,5000,2400,2563722.5659333,0.05,0.05,0.16,0.8,0.05,0.01,2E+016,30,800,2.10141193928959
2018-03-01,09:18:09.775703,5250,2400,2158004.13927987,0.05,0.05,0.16,0.8,0.05,0.01,2E+016,30,800,1.76885585186875
2018-03-01,09:18:22.196129,5500,2400,1663871.87954478,0.05,0.05,0.16,0.8,0.05,0.01,2E+016,30,800,1.36382940946293
2018-03-01,09:18:34.279558,5000,2400,1942939.62897747,1E-05,1E-05,0.16,0.8,0.05,0.01,2E+017,30,800,1.59257346637497
2018-03-01,09:18:42.838859,5250,2400,1524162.58291764,1E-05,1E-05,0.16,0.8,0.05,0.01,2E+017,30,800,1.24931359255544
2018-03-01,09:18:51.839375,5500,2400,827354.619158664,1E-05,1E-05,0.16,0.8,0.05,0.01,2E+017,30,800,0.678159523900544
2018-03-01,09:19:03.284883,5000,2400,1950074.8882812,1E-05,0.01,0.16,0.8,0.05,0.01,2E+017,30,800,1.59842203957476
2018-03-01,09:19:15.808470,5250,2400,1514187.97608496,1E-05,0.01,0.16,0.8,0.05,0.01,2E+017,30,800,1.24113768531554
2018-03-01,09:19:27.415016,5500,2400,591219.021033371,1E-05,0.01,0.16,0.8,0.05,0.01,2E+017,30,800,0.484605754945386
2018-03-01,09:19:39.815759,5000,2400,1926768.67426133,1E-05,0.025,0.16,0.8,0.05,0.01,2E+017,30,800,1.57931858546011
2018-03-01,09:19:52.501947,5250,2400,1455919.27010125,1E-05,0.025,0.16,0.8,0.05,0.01,2E+017,30,800,1.19337645090266
2018-03-01,09:20:02.423741,5500,2400,0,1E-05,0.025,0.16,0.8,0.05,0.01,2E+017,30,800,0
2018-03-01,09:20:15.225845,5000,2400,1817819.68809475,1E-05,0.05,0.16,0.8,0.05,0.01,2E+017,30,800,1.49001613778258
2018-03-01,09:20:29.026846,5250,2400,1269361.43515196,1E-05,0.05,0.16,0.8,0.05,0.01,2E+017,30,800,1.04046019274751
2018-03-01,09:20:38.530066,5500,2400,0,1E-05,0.05,0.16,0.8,0.05,0.01,2E+017,30,800,0
2018-03-01,09:20:45.921485,5000,2400,1850183.46910407,0.01,1E-05,0.16,0.8,0.05,0.01,2E+017,30,800,1.51654382713448
2018-03-01,09:20:57.046445,5250,2400,1493700.67847281,0.01,1E-05,0.16,0.8,0.05,0.01,2E+017,30,800,1.22434481842034
2018-03-01,09:21:05.916912,5500,2400,541341.362395681,0.01,1E-05,0.16,0.8,0.05,0.01,2E+017,30,800,0.443722428193181
2018-03-01,09:21:15.457317,5000,2400,1746559.38804914,0.01,0.01,0.16,0.8,0.05,0.01,2E+017,30,800,1.43160605577798
2018-03-01,09:21:24.487796,5250,2400,1096681.93904289,0.01,0.01,0.16,0.8,0.05,0.01,2E+017,30,800,0.898919622166301
2018-03-01,09:21:31.594041,5500,2400,0,0.01,0.01,0.16,0.8,0.05,0.01,2E+017,30,800,0
2018-03-01,09:21:42.382460,5000,2400,1672162.88927765,0.01,0.025,0.16,0.8,0.05,0.01,2E+017,30,800,1.37062531908004
2018-03-01,09:21:51.229001,5250,2400,934136.301036259,0.01,0.025,0.16,0.8,0.05,0.01,2E+017,30,800,0.765685492652672
2018-03-01,09:21:57.802543,5500,2400,0,0.01,0.025,0.16,0.8,0.05,0.01,2E+017,30,800,0
2018-03-01,09:22:11.493372,5000,2400,1526668.50625368,0.01,0.05,0.16,0.8,0.05,0.01,2E+017,30,800,1.25136762807679
2018-03-01,09:22:20.939267,5250,2400,0,0.01,0.05,0.16,0.8,0.05,0.01,2E+017,30,800,0
2018-03-01,09:22:29.089684,5500,2400,0,0.01,0.05,0.16,0.8,0.05,0.01,2E+017,30,800,0
2018-03-01,09:22:38.109434,5000,2400,1866543.39692951,0.025,1E-05,0.16,0.8,0.05,0.01,2E+017,30,800,1.52995360404059
2018-03-01,09:22:46.375307,5250,2400,1289266.54751873,0.025,1E-05,0.16,0.8,0.05,0.01,2E+017,30,800,1.05677585862191
2018-03-01,09:22:54.337564,5500,2400,0,0.025,1E-05,0.16,0.8,0.05,0.01,2E+017,30,800,0
2018-03-01,09:23:02.665221,5000,2400,1760156.47283365,0.025,0.01,0.16,0.8,0.05,0.01,2E+017,30,800,1.4427512072407
2018-03-01,09:23:12.239924,5250,2400,1037890.28528248,0.025,0.01,0.16,0.8,0.05,0.01,2E+017,30,800,0.850729742034821
2018-03-01,09:23:20.157203,5500,2400,0,0.025,0.01,0.16,0.8,0.05,0.01,2E+017,30,800,0
2018-03-01,09:23:31.556193,5000,2400,1649351.61111322,0.025,0.025,0.16,0.8,0.05,0.01,2E+017,30,800,1.3519275500928
2018-03-01,09:23:42.259284,5250,2400,673058.447905042,0.025,0.025,0.16,0.8,0.05,0.01,2E+017,30,800,0.551687252381182
2018-03-01,09:23:51.208605,5500,2400,0,0.025,0.025,0.16,0.8,0.05,0.01,2E+017,30,800,0
2018-03-01,09:24:04.415796,5000,2400,1538661.944938,0.025,0.05,0.16,0.8,0.05,0.01,2E+017,30,800,1.26119831552295
2018-03-01,09:24:12.727091,5250,2400,0,0.025,0.05,0.16,0.8,0.05,0.01,2E+017,30,800,0
2018-03-01,09:24:21.302097,5500,2400,0,0.025,0.05,0.16,0.8,0.05,0.01,2E+017,30,800,0
2018-03-01,09:24:30.969742,5000,2400,1911372.03662085,0.05,1E-05,0.16,0.8,0.05,0.01,2E+017,30,800,1.56669839067283
2018-03-01,09:24:38.976634,5250,2400,1327748.47213423,0.05,1E-05,0.16,0.8,0.05,0.01,2E+017,30,800,1.08831841978215
2018-03-01,09:24:46.029706,5500,2400,0,0.05,1E-05,0.16,0.8,0.05,0.01,2E+017,30,800,0
2018-03-01,09:24:56.980212,5000,2400,1796280.58430527,0.05,0.01,0.16,0.8,0.05,0.01,2E+017,30,800,1.47236113467645
2018-03-01,09:25:06.453906,5250,2400,1092599.92254022,0.05,0.01,0.16,0.8,0.05,0.01,2E+017,30,800,0.895573707000177
2018-03-01,09:25:14.353367,5500,2400,0,0.05,0.01,0.16,0.8,0.05,0.01,2E+017,30,800,0
2018-03-01,09:25:26.723088,5000,2400,1671548.99212321,0.05,0.025,0.16,0.8,0.05,0.01,2E+017,30,800,1.37012212469115
2018-03-01,09:25:36.178413,5250,2400,728172.476875298,0.05,0.025,0.16,0.8,0.05,0.01,2E+017,30,800,0.596862685963359
2018-03-01,09:25:48.361357,5500,2400,0,0.05,0.025,0.16,0.8,0.05,0.01,2E+017,30,800,0
2018-03-01,09:26:02.410462,5000,2400,1550086.76929681,0.05,0.05,0.16,0.8,0.05,0.01,2E+017,30,800,1.27056292565312
2018-03-01,09:26:11.392791,5250,2400,0,0.05,0.05,0.16,0.8,0.05,0.01,2E+017,30,800,0
2018-03-01,09:26:23.695222,5500,2400,0,0.05,0.05,0.16,0.8,0.05,0.01,2E+017,30,800,0
